PLAYER_NAME,DEF Handoff PPP,DEF Handoff FREQ,DEF Isolation PPP,DEF Isolation FREQ,DEF OffScreen PPP,DEF OffScreen FREQ,DEF Postup PPP,DEF Postup FREQ,DEF PRBallHandler PPP,DEF PRBallHandler FREQ,DEF PRRollman PPP,DEF PRRollman FREQ,DEF Spotup PPP,DEF Spotup FREQ,FREQ 3 Pointers,PLUSMINUS 3 Pointers,FREQ Less Than 6Ft,PLUSMINUS Less Than 6Ft,FREQ Less Than 10Ft,PLUSMINUS Less Than 10Ft,PCT_LOOSE_BALLS_RECOVERED_DEF,REB_CONTEST_PCT,AVG_REB_DIST,DIST_MILES_DEF,AVG_SPEED_DEF,DEFLECTIONS Per36,Cluster,Archetype
Robert Williams III,0.214,0.018,0.896,0.146,0.7,0.025,0.71,0.039,0.474,0.024,0.595,0.047,0.809,0.286,0.377,-0.036,0.296,-0.112,0.399,-0.109,0.485,0.503,5.5,0.97,3.79,1.8364864864864865,4,Versatile Rim Protector
Josh Jackson,0.278,0.074,1.056,0.074,1.429,0.087,0.0,0.0,0.962,0.219,0.0,0.0,1.172,0.384,0.381,0.044,0.404,-0.011,0.474,-0.019,0.594,0.288,6.3,0.56,3.85,1.85521472392638,2,Off-Ball Chaser
Ish Smith,0.353,0.11,0.7,0.065,0.0,0.0,1.9,0.065,0.842,0.368,0.0,0.0,1.039,0.329,0.383,0.048,0.334,0.051,0.453,0.034,0.649,0.187,8.9,0.59,3.87,2.247398843930636,2,Off-Ball Chaser
Ish Smith,0.833,0.06,0.917,0.06,0.0,0.0,0.875,0.12,0.918,0.425,0.0,0.0,1.151,0.265,0.383,0.048,0.334,0.051,0.453,0.034,0.649,0.187,8.9,0.59,3.87,2.247398843930636,2,Off-Ball Chaser
Naz Reid,0.7,0.019,1.1,0.112,0.0,0.0,1.081,0.069,0.0,0.0,1.205,0.073,1.056,0.269,0.285,0.031,0.461,-0.105,0.548,-0.071,0.467,0.482,4.9,0.57,3.92,2.187341772151899,1,Paint Protector
Zeke Nnaji,0.636,0.044,0.75,0.159,0.0,0.0,0.818,0.044,0.771,0.139,1.5,0.048,1.026,0.302,0.385,0.041,0.414,0.044,0.498,0.04,0.375,0.469,5.2,0.61,4.07,1.6094117647058823,4,Versatile Rim Protector
Steven Adams,0.583,0.011,0.881,0.039,1.143,0.013,1.108,0.034,0.0,0.0,0.987,0.073,0.915,0.163,0.228,-0.008,0.413,-0.04,0.519,-0.021,0.328,0.531,4.3,0.87,3.83,2.2038022813688216,1,Paint Protector
Daniel Gafford,0.583,0.015,1.128,0.05,0.0,0.0,1.116,0.088,0.0,0.0,1.25,0.041,0.856,0.159,0.206,0.055,0.463,-0.084,0.546,-0.051,0.4,0.496,4.0,0.7,4.01,2.113432835820895,1,Paint Protector
Nic Claxton,0.583,0.025,0.928,0.173,0.0,0.0,0.96,0.052,1.0,0.048,1.188,0.033,1.173,0.204,0.386,0.02,0.335,-0.108,0.434,-0.076,0.353,0.447,4.7,0.75,3.99,1.965217391304348,4,Versatile Rim Protector
Donte DiVincenzo,0.944,0.073,0.0,0.0,0.632,0.077,0.0,0.0,0.929,0.341,0.0,0.0,1.086,0.378,0.432,0.045,0.379,0.006,0.432,0.037,0.533,0.235,7.3,0.84,3.88,3.449372384937239,2,Off-Ball Chaser
Onyeka Okongwu,0.8,0.02,0.673,0.1,0.0,0.0,0.881,0.085,0.0,0.02,1.375,0.049,0.795,0.169,0.254,-0.05,0.391,-0.059,0.505,-0.054,0.4,0.481,5.3,0.71,3.97,1.7739130434782608,1,Paint Protector
Saben Lee,0.727,0.051,1.313,0.074,0.0,0.0,1.273,0.051,0.783,0.382,0.0,0.0,0.808,0.336,0.355,-0.106,0.412,0.106,0.527,0.078,0.5,0.318,8.1,0.6,4.13,3.4012269938650306,2,Off-Ball Chaser
Dwight Powell,0.571,0.017,0.842,0.07,0.0,0.0,0.932,0.072,0.778,0.022,0.787,0.058,1.128,0.211,0.23,-0.012,0.426,-0.002,0.541,0.002,0.222,0.411,6.0,0.76,4.11,1.7917808219178086,1,Paint Protector
T.J. McConnell,0.571,0.063,0.813,0.072,0.0,0.0,0.786,0.063,1.155,0.437,0.0,0.0,0.75,0.288,0.344,-0.02,0.344,0.065,0.466,0.034,0.409,0.189,9.3,0.91,4.25,4.07603305785124,2,Off-Ball Chaser
Bam Adebayo,0.9,0.015,0.72,0.154,0.5,0.022,0.925,0.061,1.238,0.065,0.929,0.043,1.006,0.243,0.357,-0.058,0.36,-0.029,0.451,-0.031,0.412,0.385,5.8,1.09,3.72,2.683435582822086,6,Versatile Positional Wing
Brandon Williams,0.818,0.048,0.846,0.056,1.0,0.048,0.941,0.074,1.094,0.229,0.0,0.0,1.209,0.476,0.442,0.067,0.341,0.006,0.431,0.004,0.238,0.216,12.0,0.94,3.94,2.534831460674157,2,Off-Ball Chaser
Spencer Dinwiddie,0.818,0.052,1.063,0.075,0.933,0.07,0.933,0.07,0.717,0.216,0.0,0.0,0.897,0.408,0.41,0.001,0.317,0.039,0.419,0.011,0.419,0.233,8.5,0.89,3.48,1.2648648648648648,2,Off-Ball Chaser
Spencer Dinwiddie,1.205,0.092,1.148,0.063,1.296,0.063,0.811,0.087,0.803,0.298,0.0,0.0,1.221,0.308,0.41,0.001,0.317,0.039,0.419,0.011,0.419,0.233,8.5,0.89,3.48,1.2648648648648648,2,Off-Ball Chaser
Isaiah Hartenstein,0.692,0.018,1.041,0.138,0.0,0.0,1.259,0.038,0.0,0.0,0.976,0.059,0.886,0.21,0.264,-0.014,0.423,-0.103,0.53,-0.086,0.4,0.488,5.1,0.65,4.08,2.15195530726257,1,Paint Protector
Dennis Smith Jr.,0.643,0.061,0.714,0.061,1.2,0.066,1.385,0.057,0.81,0.345,0.0,0.0,1.073,0.358,0.425,0.007,0.327,-0.015,0.42,-0.015,0.5,0.216,8.6,0.61,3.9,4.494797687861272,2,Off-Ball Chaser
Mitchell Robinson,0.6,0.015,0.967,0.061,1.154,0.013,0.94,0.051,0.727,0.011,1.0,0.077,1.12,0.144,0.313,0.017,0.354,-0.1,0.436,-0.084,0.426,0.631,5.3,0.87,3.92,2.81556420233463,1,Paint Protector
Moritz Wagner,0.529,0.034,0.934,0.122,1.333,0.024,1.074,0.054,0.583,0.024,0.875,0.032,1.099,0.263,0.351,0.022,0.316,0.025,0.424,0.048,0.4,0.353,5.7,0.52,3.79,1.9894736842105265,6,Versatile Positional Wing
Giannis Antetokounmpo,0.375,0.028,1.031,0.077,0.762,0.025,0.861,0.043,1.075,0.047,1.231,0.077,1.106,0.291,0.362,0.008,0.371,-0.112,0.44,-0.085,0.391,0.323,5.0,1.06,3.45,1.882066869300912,4,Versatile Rim Protector
Jakob Poeltl,1.0,0.008,0.925,0.086,0.417,0.01,1.078,0.051,0.714,0.011,1.042,0.077,1.064,0.139,0.203,-0.001,0.444,-0.082,0.553,-0.069,0.432,0.585,4.6,1.06,4.01,2.16,1,Paint Protector
Kelly Olynyk,1.0,0.026,1.229,0.123,0.0,0.0,0.633,0.077,0.727,0.028,1.667,0.039,0.962,0.27,0.293,0.031,0.437,-0.042,0.527,-0.011,0.4,0.463,5.3,0.62,3.64,3.3549738219895286,1,Paint Protector
Maxi Kleber,0.909,0.021,0.798,0.157,0.84,0.047,0.72,0.047,0.694,0.067,1.043,0.043,1.095,0.295,0.295,-0.043,0.374,-0.065,0.482,-0.061,0.625,0.426,5.8,0.77,3.67,1.1121951219512194,6,Versatile Positional Wing
Robert Covington,0.909,0.059,0.786,0.075,1.091,0.059,1.4,0.107,0.649,0.198,0.0,0.0,1.246,0.369,0.363,0.037,0.386,-0.032,0.48,-0.043,0.636,0.279,6.1,0.89,3.64,4.127472527472527,6,Versatile Positional Wing
Robert Covington,1.263,0.038,0.915,0.095,1.235,0.069,0.933,0.061,0.747,0.152,1.067,0.03,1.113,0.412,0.363,0.037,0.386,-0.032,0.48,-0.043,0.636,0.279,6.1,0.89,3.64,4.127472527472527,6,Versatile Positional Wing
Tomas Satoransky,0.833,0.079,0.692,0.086,0.0,0.0,0.0,0.0,0.83,0.349,0.0,0.0,0.852,0.355,0.395,-0.022,0.355,0.013,0.428,0.052,0.545,0.183,8.4,0.61,4.13,2.618181818181818,2,Off-Ball Chaser
Tomas Satoransky,0.688,0.09,0.944,0.102,0.0,0.0,1.0,0.073,0.938,0.367,0.0,0.0,1.08,0.282,0.395,-0.022,0.355,0.013,0.428,0.052,0.545,0.183,8.4,0.61,4.13,2.618181818181818,2,Off-Ball Chaser
Justise Winslow,0.625,0.093,0.821,0.163,0.0,0.0,1.1,0.058,0.889,0.262,0.0,0.0,0.952,0.244,0.331,-0.006,0.426,-0.059,0.534,-0.08,0.556,0.348,6.0,0.58,3.96,2.101863354037267,2,Off-Ball Chaser
Justin Holiday,0.556,0.087,0.0,0.0,1.083,0.115,0.917,0.058,1.052,0.279,0.0,0.0,1.095,0.356,0.369,0.038,0.374,0.038,0.469,0.046,0.611,0.263,9.5,0.94,3.81,2.356834532374101,5,Perimeter Ball-Hawk
Justin Holiday,1.391,0.095,1.05,0.082,1.111,0.056,1.093,0.088,0.908,0.27,0.933,0.031,0.947,0.309,0.369,0.038,0.374,0.038,0.469,0.046,0.611,0.263,9.5,0.94,3.81,2.356834532374101,5,Perimeter Ball-Hawk
Aaron Holiday,0.917,0.09,0.5,0.09,0.0,0.0,0.0,0.0,0.569,0.436,0.0,0.0,1.297,0.278,0.431,-0.02,0.328,-0.024,0.431,-0.026,0.571,0.115,10.7,0.57,4.09,2.9333333333333336,5,Perimeter Ball-Hawk
Aaron Holiday,1.222,0.103,0.0,0.0,0.238,0.08,1.286,0.053,0.86,0.408,1.125,0.061,1.017,0.225,0.431,-0.02,0.328,-0.024,0.431,-0.026,0.571,0.115,10.7,0.57,4.09,2.9333333333333336,5,Perimeter Ball-Hawk
Tyrese Haliburton,0.647,0.063,1.074,0.1,0.0,0.0,0.667,0.077,0.975,0.299,0.0,0.0,1.179,0.391,0.372,-0.001,0.396,0.074,0.477,0.072,0.661,0.114,9.5,1.23,3.89,2.8285714285714283,5,Perimeter Ball-Hawk
Tyrese Haliburton,0.771,0.096,1.346,0.052,1.075,0.08,1.0,0.024,0.915,0.284,1.714,0.028,0.87,0.354,0.372,-0.001,0.396,0.074,0.477,0.072,0.661,0.114,9.5,1.23,3.89,2.8285714285714283,5,Perimeter Ball-Hawk
Keifer Sykes,0.579,0.113,0.0,0.0,0.0,0.0,0.5,0.107,1.016,0.363,0.0,0.0,0.976,0.25,0.37,-0.009,0.277,0.05,0.41,0.015,0.625,0.133,11.6,0.65,4.03,2.0338983050847457,2,Off-Ball Chaser
Gabe Vincent,0.55,0.034,0.825,0.067,0.571,0.035,0.735,0.057,0.816,0.32,0.333,0.025,0.959,0.415,0.464,-0.045,0.229,0.046,0.339,0.037,0.615,0.214,10.6,0.8,3.85,2.8,5,Perimeter Ball-Hawk
James Harden,0.55,0.084,0.739,0.097,1.167,0.051,0.0,0.0,0.922,0.27,0.0,0.0,1.119,0.354,0.377,0.006,0.386,-0.007,0.483,-0.01,0.566,0.206,7.1,1.06,3.25,2.070967741935484,2,Off-Ball Chaser
James Harden,1.462,0.055,0.811,0.078,0.708,0.051,0.824,0.072,0.855,0.161,1.167,0.025,0.932,0.469,0.377,0.006,0.386,-0.007,0.483,-0.01,0.566,0.206,7.1,1.06,3.25,2.070967741935484,0, Positional Perimeter Guard
Nemanja Bjelica,1.091,0.017,0.895,0.117,0.0,0.0,0.764,0.084,0.923,0.02,1.0,0.048,0.988,0.249,0.306,-0.008,0.422,-0.006,0.54,-0.021,0.4,0.445,4.8,0.54,3.76,1.8335403726708075,1,Paint Protector
Rajon Rondo,1.0,0.089,0.0,0.0,0.933,0.111,0.0,0.0,0.92,0.37,0.0,0.0,0.833,0.267,0.402,-0.004,0.375,0.044,0.434,0.037,0.529,0.13,8.4,0.58,3.75,2.835754189944134,2,Off-Ball Chaser
Romeo Langford,0.857,0.065,0.481,0.124,1.6,0.046,1.08,0.115,0.741,0.267,0.0,0.0,0.821,0.309,0.349,-0.024,0.328,-0.125,0.483,-0.125,0.286,0.352,7.2,0.59,4.12,1.4981366459627328,6,Versatile Positional Wing
Armoni Brooks,0.706,0.083,0.0,0.0,0.933,0.073,1.231,0.063,0.827,0.254,0.0,0.0,0.842,0.371,0.44,-0.043,0.34,-0.004,0.42,0.0,0.5,0.117,9.4,0.54,3.96,2.6538461538461537,2,Off-Ball Chaser
Anthony Davis,0.632,0.031,0.973,0.122,1.15,0.032,0.825,0.065,1.15,0.065,1.318,0.036,1.067,0.242,0.333,-0.026,0.413,-0.071,0.5,-0.057,0.371,0.497,5.0,1.13,3.61,2.4923076923076923,4,Versatile Rim Protector
Otto Porter Jr.,0.632,0.049,0.982,0.146,0.929,0.036,1.056,0.047,0.885,0.135,1.125,0.042,1.06,0.388,0.293,-0.013,0.454,-0.014,0.558,-0.015,0.639,0.341,6.1,0.76,3.83,2.5297297297297296,6,Versatile Positional Wing
Jonas Valanciunas,0.867,0.012,1.069,0.047,1.467,0.012,0.984,0.052,1.167,0.01,0.922,0.083,0.931,0.142,0.238,0.018,0.342,-0.007,0.452,-0.023,0.435,0.438,3.8,0.98,3.72,1.1762376237623764,1,Paint Protector
Domantas Sabonis,0.765,0.025,0.922,0.111,0.0,0.0,0.875,0.035,1.0,0.03,1.222,0.065,0.819,0.216,0.245,-0.027,0.418,-0.016,0.524,-0.019,0.419,0.387,4.5,1.19,3.94,1.5697674418604652,1,Paint Protector
Terence Davis,0.542,0.132,0.882,0.093,0.0,0.0,0.0,0.0,0.81,0.319,0.0,0.0,1.469,0.269,0.382,-0.047,0.412,0.016,0.482,0.036,0.538,0.304,6.7,0.64,3.91,2.6748603351955307,2,Off-Ball Chaser
Josh Green,0.394,0.088,1.069,0.077,1.0,0.064,1.0,0.034,0.779,0.385,1.0,0.04,1.009,0.284,0.336,-0.016,0.34,0.013,0.467,0.029,0.367,0.242,8.9,0.62,4.55,2.88,5,Perimeter Ball-Hawk
Larry Nance Jr.,1.167,0.039,1.082,0.16,0.941,0.055,0.8,0.033,1.174,0.075,0.0,0.0,0.893,0.274,0.354,-0.003,0.394,0.09,0.479,0.081,0.412,0.347,6.1,0.78,3.88,3.1539823008849552,2,Off-Ball Chaser
Danuel House Jr.,0.889,0.089,1.294,0.084,0.895,0.094,1.6,0.049,1.06,0.414,0.0,0.0,0.894,0.232,0.402,0.013,0.303,0.0,0.376,0.0,0.476,0.225,8.4,0.63,4.15,2.039306358381503,2,Off-Ball Chaser
JaMychal Green,1.077,0.034,1.323,0.08,0.0,0.0,1.048,0.054,0.714,0.054,0.231,0.034,0.906,0.33,0.344,-0.01,0.376,0.069,0.476,0.078,0.8,0.406,5.2,0.55,3.91,2.6222222222222222,4,Versatile Rim Protector
Marvin Bagley III,1.077,0.049,0.667,0.124,1.308,0.049,0.684,0.071,0.704,0.101,1.0,0.056,0.837,0.345,0.431,-0.005,0.315,-0.027,0.407,-0.052,0.476,0.42,4.7,0.88,4.14,0.9489539748953976,4,Versatile Rim Protector
P.J. Washington,0.824,0.025,1.038,0.117,0.5,0.024,0.973,0.111,0.927,0.061,1.24,0.037,1.055,0.322,0.347,-0.013,0.401,-0.015,0.49,-0.025,0.688,0.421,5.5,0.94,3.77,2.8058823529411763,4,Versatile Rim Protector
Obi Toppin,0.778,0.047,0.972,0.094,0.0,0.0,0.75,0.031,0.875,0.063,1.391,0.06,0.881,0.418,0.444,-0.033,0.335,-0.054,0.399,-0.033,0.56,0.287,5.7,0.63,4.06,1.494736842105263,4,Versatile Rim Protector
Josh Giddey,0.56,0.05,0.795,0.089,0.857,0.042,0.889,0.054,0.671,0.171,1.05,0.04,0.848,0.452,0.368,-0.052,0.443,-0.043,0.522,-0.04,0.351,0.287,6.0,1.08,3.88,1.542857142857143,6,Versatile Positional Wing
David Duke Jr.,0.938,0.117,1.1,0.073,0.0,0.0,0.0,0.0,0.944,0.394,0.0,0.0,1.081,0.27,0.388,-0.054,0.336,0.027,0.466,-0.001,0.5,0.507,7.6,0.58,4.2,3.0658064516129038,2,Off-Ball Chaser
Caris LeVert,1.4,0.081,0.552,0.078,0.842,0.051,1.44,0.068,0.906,0.316,1.818,0.03,1.059,0.322,0.395,0.014,0.337,0.055,0.43,0.034,0.5,0.257,8.1,1.0,3.68,1.8175895765472316,0, Positional Perimeter Guard
Jeremy Lamb,0.714,0.106,1.2,0.076,0.214,0.071,0.0,0.0,0.932,0.222,0.0,0.0,0.75,0.384,0.365,-0.063,0.419,0.056,0.496,0.068,0.688,0.253,6.2,0.55,3.77,2.435928143712575,2,Off-Ball Chaser
Alekesej Pokusevski,0.714,0.047,0.8,0.056,0.667,0.054,1.182,0.025,0.774,0.119,1.083,0.054,0.976,0.471,0.399,-0.028,0.411,-0.033,0.475,-0.016,0.619,0.296,5.4,0.68,3.82,2.102970297029703,4,Versatile Rim Protector
Derrick Rose,0.682,0.095,1.143,0.061,0.417,0.052,0.0,0.0,0.64,0.385,0.0,0.0,1.114,0.303,0.391,-0.06,0.327,-0.088,0.415,-0.109,0.381,0.269,9.6,0.86,3.94,1.866122448979592,2,Off-Ball Chaser
Rudy Gobert,1.143,0.011,0.966,0.071,1.5,0.008,0.647,0.027,1.083,0.01,0.768,0.076,0.792,0.157,0.249,-0.012,0.345,-0.13,0.458,-0.11,0.393,0.397,3.9,1.09,3.82,1.480373831775701,4,Versatile Rim Protector
Brandon Clarke,1.067,0.033,1.107,0.123,1.154,0.029,0.481,0.059,0.923,0.057,0.933,0.033,1.028,0.313,0.341,0.025,0.403,-0.082,0.491,-0.081,0.543,0.491,5.1,0.71,4.11,2.215384615384615,4,Versatile Rim Protector
Tony Snell,1.067,0.074,0.682,0.109,0.0,0.0,1.077,0.064,1.034,0.144,1.083,0.059,0.967,0.45,0.432,0.003,0.33,0.043,0.42,0.048,0.467,0.243,8.2,0.52,3.76,1.8348387096774197,0, Positional Perimeter Guard
Rui Hachimura,1.0,0.054,1.275,0.135,1.429,0.047,0.941,0.057,0.644,0.152,1.273,0.037,1.287,0.318,0.398,0.086,0.341,0.013,0.404,0.018,0.421,0.263,6.4,0.74,3.78,1.44,6,Versatile Positional Wing
Bryn Forbes,1.0,0.098,1.286,0.085,0.0,0.0,0.0,0.0,1.162,0.226,0.0,0.0,1.0,0.396,0.43,0.026,0.345,0.024,0.446,0.018,0.464,0.161,10.7,0.57,3.81,1.0736842105263158,2,Off-Ball Chaser
Bryn Forbes,0.941,0.094,0.571,0.078,0.0,0.0,0.0,0.0,0.795,0.244,0.0,0.0,0.943,0.389,0.43,0.026,0.345,0.024,0.446,0.018,0.464,0.161,10.7,0.57,3.81,1.0736842105263158,2,Off-Ball Chaser
Jaylen Nowell,1.0,0.056,1.13,0.08,1.0,0.077,0.0,0.0,0.806,0.233,0.0,0.0,1.053,0.456,0.399,-0.008,0.371,0.066,0.469,0.038,0.5,0.211,8.2,0.58,3.95,1.5821656050955413,2,Off-Ball Chaser
Max Strus,0.889,0.034,0.91,0.148,0.889,0.034,0.969,0.061,0.556,0.102,1.583,0.023,0.955,0.508,0.445,-0.01,0.314,0.006,0.384,0.023,0.581,0.238,8.1,0.8,3.87,1.2978540772532188,0, Positional Perimeter Guard
Jalen McDaniels,0.8,0.054,1.364,0.06,0.947,0.052,1.167,0.049,1.054,0.152,0.0,0.0,1.016,0.508,0.462,0.011,0.37,-0.052,0.422,-0.009,0.5,0.293,6.6,0.59,4.01,2.1644171779141104,2,Off-Ball Chaser
Jose Alvarado,0.571,0.096,0.688,0.055,0.563,0.055,0.737,0.065,0.76,0.341,0.0,0.0,1.043,0.317,0.452,-0.027,0.293,0.056,0.378,0.038,0.44,0.172,9.4,0.61,4.33,4.722077922077922,2,Off-Ball Chaser
Torrey Craig,0.552,0.068,1.0,0.107,0.793,0.068,0.857,0.065,1.079,0.297,0.0,0.0,1.043,0.271,0.352,-0.017,0.362,-0.02,0.452,-0.016,0.594,0.316,6.3,0.75,4.16,1.650731707317073,2,Off-Ball Chaser
Torrey Craig,1.5,0.072,1.25,0.054,1.0,0.067,0.0,0.0,0.923,0.291,0.0,0.0,1.026,0.35,0.352,-0.017,0.362,-0.02,0.452,-0.016,0.594,0.316,6.3,0.75,4.16,1.650731707317073,2,Off-Ball Chaser
Jalen Smith,1.7,0.05,1.03,0.165,0.0,0.0,1.0,0.065,0.0,0.0,0.0,0.0,1.093,0.27,0.29,-0.008,0.409,-0.055,0.522,-0.043,0.4,0.396,4.5,0.64,4.0,0.656353591160221,4,Versatile Rim Protector
Jalen Smith,0.0,0.0,0.677,0.172,0.0,0.0,1.083,0.067,0.0,0.0,0.0,0.0,0.722,0.2,0.29,-0.008,0.409,-0.055,0.522,-0.043,0.4,0.396,4.5,0.64,4.0,0.656353591160221,1,Paint Protector
Mo Bamba,1.308,0.014,0.957,0.078,1.333,0.017,0.93,0.048,1.0,0.017,1.256,0.043,1.164,0.237,0.316,-0.023,0.393,-0.061,0.456,-0.056,0.545,0.369,4.2,0.88,3.88,1.4147859922178987,4,Versatile Rim Protector
Andre Iguodala,1.308,0.065,0.867,0.075,0.0,0.0,0.25,0.06,0.836,0.307,0.0,0.0,0.885,0.307,0.333,-0.117,0.364,-0.053,0.476,-0.046,0.467,0.371,7.9,0.65,3.71,3.358762886597938,2,Off-Ball Chaser
Lindy Waters III,1.214,0.096,0.0,0.0,0.867,0.103,0.0,0.0,0.69,0.199,0.0,0.0,1.191,0.466,0.44,0.085,0.341,-0.096,0.429,-0.089,0.75,0.247,8.1,0.65,3.98,2.0903225806451613,2,Off-Ball Chaser
John Collins,1.063,0.025,1.148,0.084,1.208,0.038,0.895,0.059,0.816,0.077,0.848,0.052,1.181,0.328,0.358,0.04,0.378,-0.035,0.461,-0.034,0.462,0.415,4.4,1.05,3.84,1.2506493506493508,4,Versatile Rim Protector
Draymond Green,0.895,0.04,1.08,0.053,1.7,0.021,0.667,0.063,1.0,0.116,1.0,0.065,0.936,0.359,0.373,0.003,0.296,-0.088,0.388,-0.094,0.553,0.339,5.7,0.92,3.48,3.064359861591696,6,Versatile Positional Wing
Lonzo Ball,0.472,0.071,1.424,0.065,1.375,0.063,1.118,0.067,0.752,0.408,0.0,0.0,1.038,0.263,0.352,0.045,0.403,-0.061,0.476,-0.037,0.615,0.284,8.4,1.2,3.81,3.329479768786127,2,Off-Ball Chaser
Bobby Portis,1.059,0.021,0.943,0.128,0.0,0.0,0.911,0.068,1.417,0.029,1.016,0.078,0.751,0.268,0.355,-0.053,0.375,-0.058,0.454,-0.045,0.367,0.399,5.0,1.02,3.91,2.0553191489361704,4,Versatile Rim Protector
Seth Curry,0.947,0.083,0.733,0.066,1.0,0.068,0.938,0.035,0.843,0.334,0.941,0.037,1.053,0.33,0.397,-0.023,0.304,0.027,0.386,0.025,0.588,0.125,10.5,1.04,3.68,1.9243243243243249,0, Positional Perimeter Guard
Vit Krejci,0.905,0.085,1.182,0.089,0.688,0.065,0.0,0.0,0.785,0.262,0.0,0.0,0.99,0.407,0.388,-0.052,0.396,0.06,0.496,0.033,0.692,0.188,7.5,0.75,3.84,2.0817391304347828,2,Off-Ball Chaser
Carmelo Anthony,0.864,0.035,0.746,0.1,1.214,0.022,0.93,0.068,0.848,0.052,1.476,0.033,0.919,0.275,0.359,-0.026,0.378,0.015,0.47,-0.005,0.591,0.347,6.2,0.84,3.58,1.5784615384615384,6,Versatile Positional Wing
Taurean Prince,0.704,0.064,0.833,0.1,0.714,0.067,0.833,0.043,0.818,0.21,0.813,0.038,1.06,0.396,0.376,0.024,0.373,0.11,0.44,0.101,0.467,0.247,8.6,0.59,3.82,2.589473684210526,5,Perimeter Ball-Hawk
Gordon Hayward,0.679,0.068,0.643,0.102,0.773,0.053,0.842,0.046,1.072,0.201,0.833,0.029,1.067,0.437,0.381,0.032,0.359,-0.03,0.444,-0.018,0.439,0.257,7.9,1.1,3.78,1.5009404388714735,0, Positional Perimeter Guard
Tre Jones,0.655,0.066,1.154,0.059,1.043,0.053,0.864,0.05,0.875,0.42,1.214,0.032,1.101,0.295,0.365,-0.005,0.38,0.004,0.469,0.023,0.552,0.142,9.1,0.63,4.16,2.602409638554217,5,Perimeter Ball-Hawk
Jaxson Hayes,1.25,0.025,0.848,0.124,0.75,0.031,1.038,0.041,0.939,0.052,0.806,0.057,0.914,0.238,0.359,-0.029,0.342,-0.046,0.428,-0.03,0.469,0.399,6.0,0.69,3.88,2.052,6,Versatile Positional Wing
Chris Boucher,1.111,0.034,0.878,0.092,0.0,0.0,1.0,0.069,0.59,0.073,1.143,0.026,1.004,0.443,0.361,-0.042,0.42,-0.039,0.49,-0.042,0.375,0.431,4.6,0.75,4.01,2.0473933649289098,4,Versatile Rim Protector
Rudy Gay,0.8,0.066,1.262,0.111,1.0,0.053,0.87,0.061,1.054,0.147,1.333,0.032,0.932,0.308,0.375,0.028,0.328,-0.044,0.449,-0.055,0.36,0.351,5.7,0.63,3.77,2.247619047619048,6,Versatile Positional Wing
Buddy Hield,0.769,0.075,0.545,0.063,1.0,0.078,1.333,0.078,0.807,0.254,0.0,0.0,0.979,0.403,0.316,0.024,0.436,0.024,0.539,0.035,0.4,0.2,8.1,1.11,3.99,2.0103896103896104,2,Off-Ball Chaser
Buddy Hield,1.135,0.1,0.9,0.096,1.0,0.054,1.286,0.04,0.891,0.283,1.333,0.023,1.029,0.331,0.316,0.024,0.436,0.024,0.539,0.035,0.4,0.2,8.1,1.11,3.99,2.0103896103896104,0, Positional Perimeter Guard
Keita Bates-Diop,0.769,0.076,0.98,0.15,0.409,0.065,1.0,0.041,0.821,0.247,1.0,0.032,1.087,0.306,0.378,-0.025,0.388,-0.038,0.478,-0.017,0.6,0.29,6.1,0.6,4.02,2.066666666666667,6,Versatile Positional Wing
Alex Caruso,0.69,0.062,0.75,0.085,0.889,0.077,1.0,0.07,0.948,0.366,1.1,0.021,0.961,0.27,0.395,-0.057,0.314,0.057,0.397,0.027,0.741,0.264,8.8,1.0,3.94,4.332857142857143,5,Perimeter Ball-Hawk
Stephen Curry,0.513,0.065,1.255,0.085,0.941,0.057,0.848,0.055,0.667,0.201,1.133,0.025,0.821,0.394,0.414,-0.044,0.344,-0.019,0.445,-0.029,0.471,0.176,7.7,1.1,3.5,2.285217391304348,5,Perimeter Ball-Hawk
Ty Jerome,1.05,0.082,0.529,0.07,1.0,0.045,0.533,0.061,0.615,0.213,0.0,0.0,1.028,0.443,0.39,-0.001,0.325,0.04,0.434,0.001,0.364,0.256,9.3,0.54,3.63,2.7808383233532936,2,Off-Ball Chaser
Derrick White,1.0,0.083,1.286,0.111,1.692,0.051,1.048,0.083,0.766,0.304,0.0,0.0,1.106,0.261,0.322,0.029,0.396,-0.07,0.513,-0.062,0.524,0.261,9.2,0.97,3.69,1.9535836177474404,2,Off-Ball Chaser
Derrick White,1.289,0.073,0.488,0.069,0.857,0.068,0.727,0.053,0.921,0.41,1.083,0.019,1.124,0.273,0.322,0.029,0.396,-0.07,0.513,-0.062,0.524,0.261,9.2,0.97,3.69,1.9535836177474404,0, Positional Perimeter Guard
Dean Wade,0.913,0.069,0.897,0.117,0.92,0.075,0.762,0.063,0.657,0.21,1.0,0.03,1.041,0.294,0.318,0.051,0.414,-0.095,0.524,-0.087,0.571,0.273,6.2,0.68,4.11,2.2125,6,Versatile Positional Wing
Danilo Gallinari,0.84,0.051,0.783,0.168,1.471,0.034,0.824,0.034,0.844,0.065,0.929,0.057,1.074,0.383,0.393,-0.004,0.38,0.036,0.455,0.046,0.5,0.227,6.4,0.76,3.52,1.309090909090909,6,Versatile Positional Wing
Jordan Nwora,0.724,0.078,1.118,0.092,0.633,0.081,0.0,0.0,0.925,0.181,1.0,0.032,1.037,0.443,0.45,0.003,0.349,0.024,0.444,0.03,0.385,0.172,7.1,0.7,4.0,1.545549738219895,0, Positional Perimeter Guard
Caleb Martin,0.7,0.053,0.907,0.075,0.667,0.053,0.654,0.046,0.798,0.294,0.769,0.023,0.948,0.408,0.427,-0.09,0.34,-0.027,0.43,-0.022,0.45,0.265,7.5,0.89,4.32,2.9082969432314414,5,Perimeter Ball-Hawk
Nickeil Alexander-Walker,0.583,0.085,0.774,0.073,0.657,0.083,1.462,0.031,0.907,0.356,1.25,0.028,1.125,0.302,0.385,0.0,0.357,0.069,0.456,0.027,0.516,0.246,6.9,0.79,3.95,2.6442477876106194,5,Perimeter Ball-Hawk
Al Horford,1.222,0.018,0.723,0.18,1.0,0.012,0.88,0.051,0.966,0.029,0.911,0.057,1.044,0.183,0.303,-0.013,0.321,-0.084,0.42,-0.094,0.523,0.397,6.3,0.93,3.67,1.1876288659793812,6,Versatile Positional Wing
Damian Lillard,0.917,0.069,1.211,0.055,1.118,0.049,1.125,0.069,0.833,0.311,0.0,0.0,1.139,0.352,0.415,-0.003,0.327,0.039,0.412,0.014,0.438,0.167,9.2,1.12,3.46,1.3945054945054944,2,Off-Ball Chaser
Wayne Ellington,0.88,0.097,1.4,0.058,0.571,0.054,0.0,0.0,0.776,0.26,2.1,0.039,0.842,0.391,0.434,-0.029,0.326,0.018,0.434,-0.012,0.5,0.208,9.1,0.67,3.97,2.048936170212766,0, Positional Perimeter Guard
CJ McCollum,0.71,0.116,0.471,0.064,1.118,0.064,0.889,0.067,0.984,0.236,0.0,0.0,1.18,0.375,0.415,0.045,0.316,0.013,0.411,0.01,0.434,0.156,10.4,1.14,3.71,1.6127167630057804,2,Off-Ball Chaser
CJ McCollum,0.725,0.087,0.563,0.07,1.292,0.052,0.667,0.039,0.868,0.231,1.053,0.041,1.159,0.438,0.415,0.045,0.316,0.013,0.411,0.01,0.434,0.156,10.4,1.14,3.71,1.6127167630057804,0, Positional Perimeter Guard
Bones Hyland,0.579,0.085,1.296,0.06,0.917,0.054,1.176,0.038,0.736,0.246,1.333,0.027,0.918,0.435,0.42,-0.027,0.372,0.007,0.446,0.032,0.69,0.112,7.7,0.63,3.82,2.216842105263157,5,Perimeter Ball-Hawk
Klay Thompson,1.095,0.072,1.05,0.068,1.19,0.072,0.619,0.072,0.914,0.318,0.0,0.0,1.012,0.284,0.303,-0.041,0.378,-0.062,0.48,-0.057,0.583,0.232,7.7,1.01,3.77,1.530612244897959,2,Off-Ball Chaser
Josh Richardson,1.095,0.057,0.971,0.096,0.875,0.044,1.0,0.055,0.764,0.383,0.0,0.0,1.083,0.295,0.367,0.008,0.394,0.0,0.481,0.008,0.633,0.219,9.0,0.85,3.84,2.414634146341463,2,Off-Ball Chaser
Josh Richardson,1.045,0.133,0.0,0.0,0.688,0.097,0.0,0.0,0.947,0.345,0.0,0.0,1.051,0.236,0.367,0.008,0.394,0.0,0.481,0.008,0.633,0.219,9.0,0.85,3.84,2.414634146341463,2,Off-Ball Chaser
Kemba Walker,1.0,0.063,1.091,0.03,0.667,0.033,0.0,0.0,0.864,0.386,1.063,0.044,1.065,0.38,0.435,0.023,0.343,0.048,0.405,0.047,0.542,0.162,10.0,0.82,3.75,1.6312499999999996,0, Positional Perimeter Guard
Evan Mobley,0.958,0.027,0.753,0.086,0.963,0.03,0.873,0.07,1.074,0.06,1.154,0.058,1.061,0.326,0.285,0.051,0.469,-0.107,0.563,-0.09,0.484,0.389,5.3,1.13,3.85,1.6508875739644973,4,Versatile Rim Protector
Ben McLemore,0.742,0.088,1.08,0.071,0.806,0.088,0.923,0.037,1.062,0.185,0.0,0.0,1.122,0.467,0.48,0.035,0.35,0.105,0.419,0.096,0.5,0.291,8.2,0.72,4.02,1.844776119402985,2,Off-Ball Chaser
John Konchar,0.774,0.071,0.64,0.057,0.738,0.096,0.895,0.043,0.843,0.246,1.5,0.027,0.899,0.383,0.358,-0.022,0.433,-0.026,0.51,-0.02,0.551,0.258,7.0,0.66,4.18,2.6748603351955307,5,Perimeter Ball-Hawk
Frank Jackson,0.75,0.098,0.885,0.08,0.417,0.074,1.111,0.055,1.196,0.282,0.0,0.0,1.294,0.313,0.335,0.033,0.383,0.009,0.5,0.027,0.529,0.264,10.2,0.78,3.98,1.6363636363636365,2,Off-Ball Chaser
Theo Maledon,0.706,0.109,0.857,0.045,1.276,0.093,1.0,0.039,0.974,0.37,0.0,0.0,1.264,0.293,0.35,0.086,0.412,-0.022,0.51,0.002,0.609,0.16,9.1,0.62,3.92,1.6584269662921347,2,Off-Ball Chaser
Kelly Oubre Jr.,0.632,0.061,0.977,0.071,0.75,0.064,1.324,0.055,0.756,0.257,1.05,0.032,1.046,0.382,0.407,0.013,0.39,0.004,0.451,0.029,0.483,0.332,7.3,0.93,3.87,3.367300380228137,5,Perimeter Ball-Hawk
Wendell Carter Jr.,1.471,0.02,0.602,0.115,0.786,0.033,0.73,0.087,0.848,0.039,1.316,0.045,0.967,0.212,0.286,0.004,0.36,-0.113,0.462,-0.101,0.5,0.4,4.9,0.97,3.62,1.336454849498328,4,Versatile Rim Protector
Jaden McDaniels,0.568,0.065,0.762,0.124,1.206,0.05,1.174,0.034,0.853,0.222,0.85,0.03,0.954,0.414,0.393,0.015,0.363,-0.121,0.45,-0.107,0.481,0.328,7.2,0.99,4.2,2.2744186046511627,6,Versatile Positional Wing
Tyler Herro,0.49,0.072,1.116,0.122,0.95,0.057,0.974,0.054,0.897,0.221,1.111,0.026,0.889,0.372,0.382,-0.043,0.357,-0.002,0.455,0.014,0.583,0.161,8.1,1.13,3.92,1.3251533742331287,0, Positional Perimeter Guard
Derrick Jones Jr.,1.238,0.055,0.829,0.108,0.84,0.066,0.8,0.092,0.855,0.182,1.105,0.05,1.149,0.23,0.338,0.029,0.376,-0.035,0.511,-0.052,0.412,0.367,6.0,0.63,4.01,2.6795454545454547,6,Versatile Positional Wing
Lance Stephenson,1.13,0.113,1.083,0.118,0.75,0.098,1.091,0.054,1.229,0.172,0.0,0.0,1.356,0.358,0.494,0.069,0.259,0.156,0.31,0.133,0.5,0.15,7.4,0.56,3.46,2.2983050847457624,5,Perimeter Ball-Hawk
Kevin Love,1.0,0.037,0.862,0.041,1.353,0.024,0.895,0.027,1.0,0.026,1.176,0.097,0.951,0.319,0.37,-0.02,0.387,-0.07,0.46,-0.039,0.485,0.39,4.5,0.71,3.66,0.992,4,Versatile Rim Protector
Garrison Mathews,0.963,0.051,1.061,0.124,0.905,0.079,1.206,0.064,1.01,0.182,0.0,0.0,1.024,0.392,0.373,0.027,0.4,-0.025,0.507,0.017,0.52,0.247,8.8,0.92,3.95,1.9163498098859315,2,Off-Ball Chaser
Jaren Jackson Jr.,0.929,0.034,0.587,0.097,0.881,0.051,1.303,0.04,1.098,0.074,0.875,0.049,0.957,0.309,0.338,-0.011,0.418,-0.145,0.508,-0.124,0.444,0.397,6.5,0.93,3.88,2.2945054945054943,6,Versatile Positional Wing
Cody Martin,0.929,0.04,1.173,0.075,0.917,0.069,0.956,0.065,0.951,0.267,0.824,0.025,1.072,0.4,0.415,0.021,0.341,0.004,0.423,0.003,0.532,0.306,8.2,0.98,4.11,3.175665399239544,5,Perimeter Ball-Hawk
Eric Gordon,0.871,0.073,0.811,0.087,0.966,0.068,0.659,0.103,0.883,0.34,0.308,0.03,1.0,0.251,0.4,-0.029,0.323,0.016,0.423,-0.032,0.407,0.195,10.9,0.87,3.33,1.167235494880546,0, Positional Perimeter Guard
Shake Milton,0.771,0.086,1.0,0.067,0.897,0.072,0.533,0.037,0.862,0.358,0.231,0.032,0.966,0.294,0.381,-0.017,0.336,-0.036,0.449,-0.05,0.706,0.176,8.9,0.72,3.87,1.3794392523364487,0, Positional Perimeter Guard
Jerami Grant,0.75,0.082,0.545,0.101,1.343,0.08,0.733,0.069,0.966,0.199,1.727,0.025,0.951,0.325,0.383,0.033,0.38,-0.042,0.454,-0.038,0.5,0.22,8.4,1.01,3.57,1.8507836990595607,0, Positional Perimeter Guard
James Johnson,1.647,0.04,0.725,0.119,0.909,0.051,0.864,0.051,0.966,0.206,1.333,0.035,1.191,0.355,0.426,0.037,0.318,-0.076,0.404,-0.076,0.316,0.377,6.5,0.64,3.76,1.9875000000000005,6,Versatile Positional Wing
Damion Lee,0.7,0.094,0.676,0.087,0.6,0.059,1.0,0.068,0.825,0.187,0.0,0.0,1.074,0.412,0.448,-0.01,0.36,0.033,0.441,0.021,0.476,0.232,7.7,0.71,3.99,1.6643216080402012,2,Off-Ball Chaser
Oshae Brissett,0.683,0.078,1.053,0.109,1.189,0.071,1.333,0.057,1.0,0.145,1.214,0.027,1.044,0.394,0.325,0.067,0.452,0.02,0.53,0.036,0.419,0.38,5.9,0.84,3.98,1.699570815450644,0, Positional Perimeter Guard
Chimezie Metu,1.074,0.056,0.861,0.15,1.13,0.048,1.16,0.052,0.78,0.123,0.947,0.04,1.017,0.358,0.387,0.033,0.401,-0.036,0.475,-0.01,0.455,0.269,5.0,0.74,3.75,2.9070422535211264,4,Versatile Rim Protector
Chuma Okeke,0.967,0.052,0.837,0.086,0.469,0.056,1.154,0.068,1.121,0.216,0.947,0.033,1.014,0.384,0.359,-0.004,0.409,-0.005,0.487,0.008,0.596,0.32,7.1,0.88,3.97,3.024,6,Versatile Positional Wing
Cam Thomas,0.906,0.091,0.973,0.105,1.05,0.057,0.0,0.0,1.019,0.302,0.0,0.0,1.05,0.342,0.342,0.021,0.432,0.025,0.505,0.042,0.773,0.205,8.3,0.59,3.84,1.6568181818181815,2,Off-Ball Chaser
Kyle Anderson,0.763,0.076,1.056,0.072,0.846,0.026,1.318,0.044,1.0,0.226,0.833,0.048,1.135,0.343,0.334,-0.019,0.425,-0.051,0.497,-0.024,0.657,0.353,6.2,0.74,3.89,3.39906976744186,6,Versatile Positional Wing
Jonathan Kuminga,1.154,0.056,1.055,0.118,1.313,0.034,0.944,0.077,0.813,0.194,0.941,0.036,0.964,0.359,0.37,-0.026,0.381,-0.004,0.497,-0.038,0.464,0.303,6.0,0.61,3.97,1.6189349112426037,6,Versatile Positional Wing
Nassir Little,1.071,0.073,0.718,0.101,1.121,0.085,0.947,0.049,0.697,0.171,0.8,0.039,0.95,0.415,0.402,-0.065,0.361,-0.045,0.456,-0.055,0.5,0.347,6.7,0.9,3.95,1.1536679536679535,6,Versatile Positional Wing
Terrence Ross,1.0,0.082,1.105,0.052,0.789,0.052,1.077,0.036,0.852,0.297,0.0,0.0,1.108,0.407,0.43,0.007,0.342,0.041,0.418,0.043,0.429,0.155,9.1,0.77,3.75,1.596521739130435,2,Off-Ball Chaser
Ricky Rubio,0.968,0.102,0.5,0.04,0.833,0.059,0.0,0.0,0.8,0.396,0.0,0.0,0.753,0.32,0.36,-0.089,0.353,-0.071,0.442,-0.055,0.515,0.156,10.8,0.91,3.69,2.854736842105263,2,Off-Ball Chaser
George Hill,0.938,0.068,0.947,0.08,1.208,0.051,0.682,0.047,0.898,0.374,0.727,0.023,1.076,0.304,0.412,0.006,0.284,0.005,0.404,-0.022,0.541,0.226,8.8,0.81,3.87,1.6913793103448278,0, Positional Perimeter Guard
Kyle Lowry,0.789,0.061,0.619,0.068,0.8,0.057,0.805,0.066,1.014,0.228,0.684,0.031,1.121,0.452,0.426,0.041,0.343,0.037,0.422,0.039,0.608,0.195,8.0,1.03,3.4,2.346902654867257,5,Perimeter Ball-Hawk
Scottie Barnes,0.732,0.042,0.878,0.101,0.717,0.048,0.83,0.049,0.591,0.165,0.925,0.041,1.021,0.392,0.339,-0.001,0.418,-0.034,0.506,-0.018,0.423,0.377,6.4,1.27,4.02,2.3796610169491523,6,Versatile Positional Wing
Luke Kennard,0.682,0.092,0.912,0.119,0.879,0.069,1.0,0.044,0.625,0.184,0.917,0.025,0.946,0.35,0.322,-0.016,0.432,-0.031,0.533,-0.017,0.679,0.135,7.9,0.89,3.68,1.064233576642336,6,Versatile Positional Wing
Kessler Edwards,1.0,0.079,1.205,0.113,0.826,0.059,1.172,0.074,0.973,0.281,0.8,0.026,1.127,0.322,0.343,0.015,0.435,0.033,0.5,0.024,0.6,0.302,6.0,0.73,4.1,1.607766990291262,6,Versatile Positional Wing
Paul George,0.969,0.095,0.19,0.062,0.611,0.053,0.833,0.036,0.862,0.258,0.0,0.0,0.964,0.415,0.368,-0.058,0.387,-0.054,0.469,-0.042,0.486,0.23,6.1,1.12,3.59,3.2068965517241383,2,Off-Ball Chaser
DeAndre' Bembry,0.939,0.089,1.3,0.054,0.905,0.057,0.96,0.068,0.865,0.423,0.0,0.0,0.813,0.26,0.35,-0.07,0.376,-0.036,0.457,-0.044,0.484,0.313,6.7,0.68,4.1,3.836065573770492,2,Off-Ball Chaser
Maurice Harkless,0.886,0.105,0.8,0.09,0.88,0.075,0.846,0.039,0.729,0.255,1.364,0.033,0.972,0.324,0.444,-0.039,0.328,0.019,0.373,0.05,0.545,0.222,7.1,0.64,3.96,3.2869565217391306,5,Perimeter Ball-Hawk
OG Anunoby,1.143,0.053,0.907,0.103,0.878,0.078,1.065,0.059,0.843,0.206,0.667,0.023,0.909,0.356,0.384,-0.017,0.329,-0.009,0.405,0.009,0.5,0.33,7.4,1.22,3.84,2.8999999999999995,5,Perimeter Ball-Hawk
Facundo Campazzo,1.032,0.071,0.759,0.067,1.0,0.057,0.857,0.064,0.886,0.342,1.067,0.034,0.89,0.333,0.435,0.012,0.328,-0.019,0.408,-0.005,0.455,0.154,11.3,0.62,3.87,3.896703296703297,5,Perimeter Ball-Hawk
LeBron James,1.0,0.053,0.981,0.09,0.444,0.045,0.846,0.043,0.847,0.098,1.171,0.058,1.0,0.352,0.363,-0.021,0.371,-0.086,0.468,-0.068,0.587,0.296,6.1,1.1,3.3,1.8967741935483868,6,Versatile Positional Wing
Garrett Temple,0.914,0.079,0.619,0.095,1.133,0.068,0.625,0.036,0.941,0.385,0.533,0.034,1.167,0.259,0.367,0.013,0.339,-0.036,0.434,-0.013,0.633,0.241,9.4,0.66,3.97,3.019354838709677,5,Perimeter Ball-Hawk
Cameron Payne,0.914,0.087,0.75,0.069,1.095,0.052,1.12,0.062,0.792,0.37,0.0,0.0,0.921,0.283,0.377,-0.016,0.358,0.057,0.463,0.042,0.414,0.124,9.8,0.75,3.73,2.683636363636364,2,Off-Ball Chaser
Wesley Matthews,0.865,0.092,0.878,0.102,0.609,0.057,0.833,0.09,0.876,0.321,0.636,0.027,0.939,0.244,0.329,-0.031,0.275,-0.023,0.381,0.003,0.462,0.37,9.9,0.76,3.84,2.721951219512195,5,Perimeter Ball-Hawk
Delon Wright,0.696,0.088,0.813,0.061,0.886,0.067,1.25,0.031,0.872,0.404,0.5,0.031,1.184,0.291,0.353,0.022,0.344,0.064,0.454,0.036,0.531,0.232,7.7,0.66,4.04,3.695238095238096,5,Perimeter Ball-Hawk
Furkan Korkmaz,0.627,0.119,1.2,0.094,0.714,0.066,1.0,0.03,0.744,0.302,0.786,0.033,0.929,0.295,0.412,-0.03,0.344,0.003,0.417,0.017,0.618,0.149,10.0,0.73,3.92,1.8767772511848344,0, Positional Perimeter Guard
Kenyon Martin Jr.,1.32,0.058,0.762,0.098,0.5,0.065,0.935,0.072,0.833,0.168,0.706,0.04,0.968,0.36,0.403,-0.057,0.392,-0.023,0.478,0.008,0.458,0.394,6.9,0.72,3.87,1.1142857142857143,6,Versatile Positional Wing
Quentin Grimes,1.138,0.097,0.579,0.063,0.435,0.077,1.5,0.033,0.811,0.37,0.0,0.0,1.25,0.307,0.427,0.067,0.292,0.019,0.399,-0.005,0.522,0.28,8.6,0.61,3.94,2.8842105263157896,2,Off-Ball Chaser
Christian Wood,1.36,0.027,0.872,0.15,1.0,0.029,1.042,0.077,1.095,0.045,0.737,0.041,1.084,0.241,0.384,0.026,0.337,-0.028,0.43,-0.012,0.571,0.373,4.8,0.99,3.66,1.4493506493506494,4,Versatile Rim Protector
Lonnie Walker IV,1.063,0.074,0.931,0.067,1.146,0.095,1.25,0.056,0.844,0.314,0.0,0.0,1.0,0.302,0.369,-0.04,0.371,-0.045,0.451,-0.028,0.556,0.221,9.0,0.78,3.71,1.5495652173913044,2,Off-Ball Chaser
Josh Christopher,0.944,0.076,0.896,0.101,1.25,0.05,1.167,0.038,0.893,0.374,1.455,0.023,1.199,0.286,0.369,0.013,0.45,0.076,0.496,0.107,0.576,0.296,7.5,0.65,4.02,3.6,5,Perimeter Ball-Hawk
Nicolas Batum,0.872,0.091,0.721,0.1,0.917,0.056,1.222,0.042,0.918,0.284,1.083,0.028,0.938,0.303,0.277,-0.032,0.477,-0.038,0.563,-0.03,0.69,0.279,6.3,0.88,4.02,3.048387096774194,5,Perimeter Ball-Hawk
Killian Hayes,0.773,0.063,0.851,0.067,0.909,0.047,0.939,0.07,1.036,0.321,1.15,0.029,1.076,0.36,0.394,0.007,0.369,0.006,0.472,-0.006,0.533,0.212,8.7,0.88,3.94,3.6288,5,Perimeter Ball-Hawk
Georges Niang,1.296,0.045,0.968,0.154,1.25,0.053,0.848,0.055,0.972,0.118,0.829,0.058,1.014,0.346,0.359,0.065,0.355,-0.033,0.452,-0.021,0.452,0.236,7.7,0.79,3.89,1.1052631578947367,6,Versatile Positional Wing
Tre Mann,1.029,0.088,0.765,0.044,1.031,0.082,0.0,0.0,0.884,0.245,0.9,0.026,0.927,0.425,0.4,-0.033,0.385,0.003,0.472,0.027,0.462,0.228,8.3,0.78,3.95,1.863157894736842,0, Positional Perimeter Guard
Kenrich Williams,1.0,0.089,0.952,0.054,1.03,0.084,1.0,0.051,0.779,0.288,0.0,0.0,0.742,0.306,0.391,-0.016,0.334,-0.072,0.407,-0.019,0.417,0.423,6.4,0.78,3.92,1.775342465753425,2,Off-Ball Chaser
Gary Payton II,0.972,0.078,0.6,0.065,0.727,0.048,0.792,0.052,0.684,0.406,1.154,0.028,1.048,0.269,0.393,-0.023,0.373,-0.017,0.465,-0.023,0.622,0.39,6.0,0.72,4.45,5.195454545454545,5,Perimeter Ball-Hawk
CJ Elleby,0.946,0.104,1.235,0.096,1.0,0.031,1.059,0.048,0.692,0.183,1.538,0.037,1.093,0.393,0.37,0.03,0.401,-0.041,0.496,-0.038,0.533,0.286,6.9,0.74,4.08,1.835643564356436,0, Positional Perimeter Guard
Josh Hart,0.921,0.07,1.097,0.057,0.909,0.061,0.909,0.061,1.042,0.31,1.5,0.018,1.172,0.332,0.417,0.019,0.328,0.03,0.419,0.019,0.593,0.288,6.7,1.13,3.82,1.9518072289156625,0, Positional Perimeter Guard
Amir Coffey,0.897,0.079,0.712,0.106,0.862,0.059,0.871,0.063,0.878,0.318,0.727,0.022,0.924,0.295,0.38,0.031,0.343,-0.057,0.446,-0.069,0.444,0.185,8.7,0.77,3.85,1.7286343612334802,0, Positional Perimeter Guard
R.J. Hampton,0.854,0.079,1.2,0.038,1.405,0.08,1.086,0.067,0.8,0.412,1.308,0.025,1.236,0.268,0.416,0.038,0.339,0.114,0.414,0.125,0.688,0.196,8.7,0.78,4.04,2.0054794520547947,0, Positional Perimeter Guard
Brandon Ingram,0.761,0.101,0.68,0.055,1.357,0.061,0.643,0.031,0.959,0.213,0.0,0.0,0.975,0.441,0.436,-0.053,0.375,0.023,0.439,0.025,0.457,0.272,6.9,1.04,3.46,1.4294117647058826,2,Off-Ball Chaser
Lamar Stevens,1.029,0.087,0.795,0.097,0.968,0.077,1.273,0.055,0.859,0.354,0.545,0.027,0.889,0.224,0.352,-0.044,0.336,-0.041,0.423,-0.021,0.333,0.317,5.8,0.58,4.08,1.855900621118012,6,Versatile Positional Wing
LaMelo Ball,0.947,0.054,0.902,0.058,0.9,0.057,1.0,0.034,0.935,0.218,1.583,0.034,0.982,0.477,0.413,0.012,0.386,-0.013,0.48,-0.008,0.512,0.259,8.1,1.15,3.95,3.0761609907120744,5,Perimeter Ball-Hawk
Julius Randle,0.923,0.048,1.128,0.095,0.733,0.055,1.185,0.033,0.775,0.098,1.0,0.05,0.982,0.339,0.396,-0.026,0.34,-0.055,0.428,-0.051,0.339,0.301,5.0,1.09,3.59,1.1626062322946176,4,Versatile Rim Protector
Dennis Schroder,0.923,0.081,0.294,0.071,0.813,0.033,0.72,0.052,0.838,0.371,0.952,0.044,1.0,0.288,0.344,-0.018,0.38,-0.01,0.475,0.005,0.429,0.11,10.4,1.0,3.93,2.157491289198606,0, Positional Perimeter Guard
Fred VanVleet,0.818,0.053,0.868,0.064,0.722,0.043,1.073,0.066,0.9,0.363,1.4,0.018,0.929,0.356,0.334,-0.004,0.397,-0.045,0.503,-0.024,0.657,0.156,10.1,1.23,3.69,3.713984168865436,5,Perimeter Ball-Hawk
Doug McDermott,1.276,0.087,0.857,0.126,0.882,0.051,1.167,0.036,0.984,0.189,1.235,0.051,1.202,0.357,0.383,0.039,0.358,0.054,0.446,0.072,0.4,0.278,7.5,0.88,4.0,0.495,0, Positional Perimeter Guard
Cam Reddish,1.088,0.1,0.844,0.094,0.879,0.097,0.857,0.062,0.99,0.298,1.583,0.035,0.837,0.271,0.445,-0.043,0.325,0.054,0.4,0.036,0.633,0.162,10.0,0.75,4.08,3.947826086956522,5,Perimeter Ball-Hawk
Jeff Green,1.088,0.052,0.94,0.103,0.87,0.035,0.971,0.052,0.854,0.126,0.88,0.038,1.115,0.439,0.419,-0.032,0.338,0.017,0.428,0.024,0.667,0.32,7.0,0.79,3.74,0.8307692307692307,6,Versatile Positional Wing
Lauri Markkanen,0.881,0.059,0.972,0.1,1.093,0.075,0.976,0.057,1.066,0.169,0.891,0.064,1.029,0.291,0.318,0.009,0.441,-0.012,0.528,-0.011,0.615,0.38,6.0,1.02,3.8,1.764935064935065,6,Versatile Positional Wing
Anfernee Simons,0.787,0.083,0.974,0.067,1.242,0.059,1.194,0.064,0.971,0.311,1.5,0.028,1.089,0.361,0.411,0.036,0.345,0.116,0.448,0.079,0.519,0.199,9.0,1.01,3.88,0.9396610169491526,0, Positional Perimeter Guard
Luka Doncic,0.771,0.064,0.874,0.116,1.1,0.04,1.091,0.059,0.835,0.122,0.955,0.029,1.026,0.414,0.35,0.019,0.397,-0.005,0.494,0.009,0.5,0.263,5.7,1.01,3.34,2.094915254237288,6,Versatile Positional Wing
Duane Washington Jr.,1.407,0.072,0.844,0.086,0.917,0.064,0.97,0.088,1.055,0.291,0.0,0.0,1.168,0.334,0.411,0.045,0.355,0.048,0.456,0.022,0.6,0.229,8.5,0.74,3.95,1.5148514851485149,2,Off-Ball Chaser
Darius Bazley,0.864,0.052,0.881,0.099,1.083,0.071,1.232,0.066,0.935,0.2,0.875,0.028,0.996,0.332,0.399,-0.011,0.386,0.01,0.455,0.028,0.487,0.298,5.3,0.96,3.93,1.5096774193548388,4,Versatile Rim Protector
Duncan Robinson,0.826,0.07,1.235,0.13,0.789,0.058,0.784,0.057,0.802,0.139,0.68,0.038,1.1,0.397,0.406,0.026,0.324,0.012,0.421,0.014,0.5,0.158,9.1,0.85,3.73,1.1119691119691122,0, Positional Perimeter Guard
Jae Crowder,0.826,0.071,0.808,0.081,1.0,0.068,1.0,0.05,0.843,0.238,1.231,0.02,1.004,0.359,0.372,-0.002,0.344,0.022,0.436,0.01,0.6,0.266,6.2,0.93,3.67,2.8697508896797155,5,Perimeter Ball-Hawk
Pascal Siakam,1.083,0.04,0.645,0.085,1.435,0.052,0.871,0.035,0.787,0.121,0.808,0.029,1.086,0.506,0.38,0.011,0.402,-0.049,0.479,-0.03,0.487,0.331,6.0,1.22,3.67,1.899736147757256,6,Versatile Positional Wing
Landry Shamet,1.026,0.087,0.884,0.098,1.0,0.066,0.667,0.068,0.952,0.379,0.0,0.0,0.703,0.253,0.348,-0.004,0.333,-0.049,0.455,-0.045,0.5,0.19,11.0,0.74,4.01,1.8346153846153843,2,Off-Ball Chaser
Tyus Jones,0.886,0.1,0.926,0.061,1.125,0.054,0.684,0.043,0.835,0.357,0.75,0.027,0.912,0.308,0.392,-0.03,0.342,0.009,0.429,-0.005,0.679,0.076,9.2,0.74,3.94,2.156603773584905,0, Positional Perimeter Guard
Jae'Sean Tate,0.83,0.063,1.072,0.092,1.211,0.076,0.848,0.106,0.848,0.184,1.136,0.029,0.857,0.318,0.355,-0.016,0.347,-0.031,0.455,-0.015,0.507,0.39,6.8,0.91,3.88,2.045454545454546,0, Positional Perimeter Guard
Ziaire Williams,0.83,0.093,1.158,0.075,0.938,0.094,1.105,0.037,1.051,0.307,0.3,0.02,1.031,0.319,0.392,-0.06,0.345,0.007,0.43,0.006,0.579,0.163,9.5,0.75,4.01,1.6258064516129032,0, Positional Perimeter Guard
Patrick Beverley,0.75,0.104,0.579,0.038,0.964,0.056,0.773,0.044,0.792,0.335,1.0,0.03,0.855,0.357,0.403,-0.081,0.386,0.007,0.46,0.005,0.48,0.204,8.9,0.82,3.67,3.444094488188977,5,Perimeter Ball-Hawk
Norman Powell,1.25,0.075,0.848,0.077,1.032,0.073,1.276,0.068,0.808,0.305,0.905,0.049,1.049,0.289,0.44,-0.033,0.313,0.075,0.386,0.077,0.5,0.214,9.6,1.1,3.78,1.9777777777777776,0, Positional Perimeter Guard
Stanley Johnson,1.25,0.077,0.9,0.097,1.1,0.048,0.815,0.065,1.093,0.208,0.0,0.0,0.961,0.309,0.281,0.01,0.424,0.039,0.529,0.032,0.467,0.394,7.0,0.81,3.96,2.968421052631579,2,Off-Ball Chaser
Cameron Johnson,1.111,0.063,0.869,0.106,1.125,0.07,0.833,0.063,0.72,0.292,0.9,0.017,0.943,0.303,0.343,-0.004,0.355,-0.019,0.455,-0.045,0.553,0.252,7.8,0.88,3.79,1.7450381679389313,0, Positional Perimeter Guard
Kyrie Irving,1.111,0.097,1.091,0.059,1.111,0.048,0.975,0.108,0.795,0.355,0.0,0.0,0.837,0.263,0.347,-0.01,0.385,-0.068,0.472,-0.038,0.594,0.189,8.4,1.18,3.53,2.575531914893617,2,Off-Ball Chaser
Malcolm Brogdon,1.026,0.092,0.515,0.078,1.097,0.073,0.826,0.055,0.812,0.429,0.667,0.028,1.049,0.192,0.32,-0.027,0.368,-0.018,0.487,-0.005,0.4,0.259,8.3,1.08,3.59,1.461492537313433,0, Positional Perimeter Guard
Tobias Harris,0.889,0.061,0.806,0.139,0.962,0.07,0.942,0.07,0.847,0.238,1.029,0.046,1.047,0.26,0.308,-0.069,0.376,0.05,0.47,0.015,0.559,0.266,6.1,1.14,3.76,1.2724137931034485,6,Versatile Positional Wing
Eric Bledsoe,0.851,0.096,1.158,0.039,0.438,0.033,1.1,0.041,0.9,0.389,0.833,0.025,1.03,0.337,0.394,0.003,0.358,0.001,0.481,-0.034,0.486,0.192,9.4,0.8,3.57,2.642857142857143,5,Perimeter Ball-Hawk
Kevin Durant,0.8,0.076,0.98,0.075,0.73,0.056,1.174,0.035,0.944,0.163,1.333,0.023,1.051,0.448,0.436,-0.002,0.338,-0.084,0.404,-0.061,0.413,0.27,7.3,1.16,3.43,1.529032258064516,0, Positional Perimeter Guard
Marcus Morris Sr.,1.139,0.081,0.871,0.14,0.727,0.05,1.0,0.029,1.188,0.155,0.636,0.025,1.131,0.396,0.448,-0.002,0.325,0.03,0.398,0.032,0.48,0.199,7.7,0.9,3.57,0.9682758620689657,0, Positional Perimeter Guard
Kevin Porter Jr.,0.976,0.061,1.077,0.076,1.06,0.073,0.932,0.064,0.941,0.37,1.0,0.023,1.031,0.279,0.366,-0.021,0.426,0.072,0.504,0.082,0.414,0.251,7.3,1.05,3.85,2.426837060702875,5,Perimeter Ball-Hawk
Shai Gilgeous-Alexander,0.854,0.076,0.542,0.038,1.056,0.057,1.13,0.036,0.857,0.243,0.0,0.0,1.263,0.487,0.437,0.063,0.375,-0.031,0.441,-0.013,0.511,0.245,7.9,1.07,3.5,2.7804034582132564,2,Off-Ball Chaser
Immanuel Quickley,0.82,0.079,1.257,0.056,1.051,0.062,1.0,0.024,0.788,0.337,1.0,0.035,1.056,0.367,0.419,-0.016,0.339,-0.053,0.413,-0.055,0.526,0.11,8.6,0.81,3.95,1.7610389610389607,0, Positional Perimeter Guard
Joshua Primo,1.024,0.104,0.742,0.078,0.75,0.081,1.12,0.063,0.915,0.296,1.083,0.03,1.026,0.291,0.316,0.014,0.391,-0.046,0.526,-0.055,0.429,0.31,8.1,0.71,4.03,1.6414507772020726,0, Positional Perimeter Guard
Hamidou Diallo,1.024,0.091,0.833,0.08,1.257,0.078,0.677,0.069,0.958,0.267,0.0,0.0,1.128,0.332,0.394,0.041,0.378,-0.054,0.452,-0.046,0.604,0.277,6.2,0.78,4.05,3.55068493150685,2,Off-Ball Chaser
Ja Morant,0.933,0.075,0.806,0.052,0.567,0.05,0.8,0.05,0.902,0.357,1.0,0.025,1.104,0.337,0.343,-0.007,0.403,-0.082,0.493,-0.075,0.557,0.218,8.2,1.09,3.77,2.1752265861027187,0, Positional Perimeter Guard
Will Barton,0.724,0.095,1.206,0.056,1.182,0.108,0.865,0.06,0.828,0.237,1.0,0.029,1.071,0.369,0.389,-0.002,0.373,0.028,0.45,0.034,0.536,0.176,6.1,1.07,3.86,1.502803738317757,0, Positional Perimeter Guard
Malik Monk,0.56,0.106,0.852,0.076,0.839,0.088,1.071,0.04,0.833,0.263,1.304,0.033,1.022,0.322,0.338,-0.017,0.401,0.034,0.505,0.023,0.424,0.184,7.1,0.97,3.84,1.4604982206405692,0, Positional Perimeter Guard
Joe Ingles,1.049,0.123,0.368,0.057,0.788,0.099,0.0,0.0,0.688,0.374,0.0,0.0,0.649,0.231,0.425,-0.108,0.281,0.103,0.371,0.117,0.385,0.176,10.0,0.84,3.8,1.4746987951807229,2,Off-Ball Chaser
Saddiq Bey,1.024,0.064,0.734,0.121,0.947,0.058,0.972,0.109,0.854,0.199,0.462,0.02,1.106,0.331,0.349,0.006,0.377,-0.039,0.482,-0.023,0.41,0.247,7.5,1.11,3.81,1.6800000000000002,0, Positional Perimeter Guard
Chris Duarte,1.0,0.081,1.029,0.064,0.977,0.083,1.185,0.051,0.939,0.31,0.0,0.0,0.852,0.368,0.365,-0.084,0.389,-0.027,0.469,-0.02,0.632,0.195,7.9,1.03,4.14,2.1085714285714285,2,Off-Ball Chaser
P.J. Tucker,0.956,0.056,0.756,0.112,0.936,0.058,0.949,0.048,0.978,0.167,1.222,0.033,0.929,0.402,0.453,-0.007,0.282,-0.006,0.365,-0.01,0.492,0.362,6.6,0.97,3.95,1.793548387096774,0, Positional Perimeter Guard
Jarred Vanderbilt,0.935,0.075,1.129,0.113,0.884,0.07,1.0,0.05,0.839,0.151,1.08,0.041,0.919,0.382,0.357,-0.028,0.403,-0.049,0.48,-0.037,0.657,0.394,5.0,0.96,4.24,3.855118110236221,5,Perimeter Ball-Hawk
Dillon Brooks,0.935,0.11,1.043,0.055,0.844,0.076,1.063,0.038,0.757,0.325,1.5,0.024,1.097,0.32,0.376,0.039,0.32,-0.029,0.425,-0.042,0.464,0.242,9.0,1.02,4.0,2.9631768953068587,5,Perimeter Ball-Hawk
Harrison Barnes,0.683,0.082,0.889,0.082,1.052,0.075,1.053,0.049,1.039,0.265,0.786,0.036,1.352,0.306,0.358,0.04,0.376,0.006,0.469,0.005,0.489,0.291,7.0,1.18,3.91,1.0178571428571428,0, Positional Perimeter Guard
Aaron Wiggins,1.189,0.077,1.2,0.073,0.698,0.089,1.364,0.023,0.834,0.351,0.0,0.0,1.012,0.355,0.373,-0.039,0.359,0.022,0.446,0.046,0.615,0.298,7.4,0.92,4.24,1.9338842975206607,2,Off-Ball Chaser
Jalen Suggs,0.936,0.097,1.208,0.05,0.778,0.075,0.679,0.058,0.756,0.356,0.7,0.021,1.11,0.321,0.398,-0.026,0.357,-0.047,0.437,-0.055,0.485,0.251,7.2,0.94,3.84,3.2823529411764705,5,Perimeter Ball-Hawk
Malik Beasley,0.898,0.094,0.788,0.063,1.085,0.09,1.263,0.036,0.75,0.176,1.154,0.025,0.973,0.431,0.436,-0.032,0.331,0.005,0.415,0.023,0.581,0.172,9.5,0.85,3.74,1.1664,0, Positional Perimeter Guard
D'Angelo Russell,0.815,0.08,1.167,0.071,0.815,0.04,1.067,0.044,0.896,0.227,1.063,0.024,0.916,0.457,0.389,-0.051,0.376,0.019,0.457,0.023,0.485,0.162,9.3,1.01,3.56,2.1329153605015674,0, Positional Perimeter Guard
Bradley Beal,1.125,0.095,0.611,0.043,0.909,0.078,1.086,0.083,0.795,0.265,0.727,0.026,1.079,0.359,0.426,-0.029,0.343,0.036,0.403,0.04,0.467,0.265,7.9,1.16,3.74,1.93,0, Positional Perimeter Guard
Danny Green,1.047,0.078,0.681,0.085,0.833,0.076,1.0,0.065,0.945,0.328,1.667,0.038,1.036,0.301,0.351,0.048,0.334,0.022,0.435,0.018,0.667,0.223,8.3,0.82,4.25,3.2532110091743114,5,Perimeter Ball-Hawk
Mike Conley,0.804,0.075,0.825,0.054,1.132,0.051,0.852,0.036,0.767,0.485,0.765,0.023,0.907,0.231,0.371,0.015,0.311,-0.01,0.416,-0.018,0.558,0.157,10.2,0.95,3.76,2.555244755244755,5,Perimeter Ball-Hawk
Anthony Edwards,0.714,0.086,0.83,0.064,1.267,0.061,0.967,0.041,0.872,0.213,0.667,0.016,0.986,0.473,0.419,0.01,0.377,-0.01,0.446,-0.012,0.575,0.187,7.9,1.11,3.63,2.623906705539359,5,Perimeter Ball-Hawk
Darius Garland,0.852,0.076,0.824,0.048,0.915,0.083,1.067,0.042,0.815,0.365,1.611,0.025,1.06,0.281,0.389,0.007,0.344,0.053,0.431,0.046,0.378,0.138,11.1,1.13,3.66,1.9260504201680668,0, Positional Perimeter Guard
Tim Hardaway Jr.,1.306,0.098,0.926,0.073,1.375,0.043,0.692,0.071,0.793,0.329,1.25,0.043,0.928,0.302,0.371,-0.01,0.358,0.016,0.44,0.034,0.722,0.288,8.0,0.96,3.72,1.5932432432432433,0, Positional Perimeter Guard
Jalen Green,1.022,0.079,0.658,0.065,1.029,0.118,1.122,0.07,0.982,0.281,1.455,0.019,1.125,0.301,0.366,0.035,0.441,0.053,0.513,0.068,0.5,0.181,7.4,1.08,3.84,1.4670846394984327,0, Positional Perimeter Guard
Jalen Brunson,0.783,0.085,0.7,0.042,0.93,0.061,0.657,0.05,0.894,0.293,0.647,0.024,0.993,0.405,0.445,-0.007,0.308,0.053,0.393,0.046,0.563,0.155,9.1,1.03,3.8,1.162382445141066,0, Positional Perimeter Guard
Kyle Kuzma,0.758,0.089,0.707,0.142,0.714,0.05,0.924,0.095,0.952,0.21,0.889,0.026,1.043,0.236,0.252,-0.026,0.422,-0.053,0.538,-0.062,0.433,0.28,5.2,1.1,3.78,0.8946107784431138,4,Versatile Rim Protector
Isaac Okoro,0.635,0.101,0.783,0.082,0.788,0.071,1.0,0.03,0.88,0.443,0.8,0.021,1.013,0.213,0.34,-0.055,0.343,0.002,0.458,-0.022,0.422,0.299,10.4,1.07,4.13,1.6662162162162162,0, Positional Perimeter Guard
Bogdan Bogdanovic,1.021,0.071,1.0,0.077,1.179,0.059,0.909,0.05,0.925,0.304,1.294,0.026,1.029,0.363,0.383,0.021,0.336,0.022,0.436,0.021,0.6,0.224,7.6,0.97,3.75,2.395904436860068,5,Perimeter Ball-Hawk
Cory Joseph,0.96,0.092,0.956,0.083,1.0,0.048,1.14,0.079,1.012,0.312,0.889,0.033,0.836,0.305,0.343,0.004,0.412,-0.009,0.497,0.01,0.528,0.241,8.8,0.89,4.1,1.873170731707317,0, Positional Perimeter Guard
Dorian Finney-Smith,0.676,0.066,0.767,0.08,0.782,0.073,0.939,0.046,0.892,0.336,1.108,0.034,1.055,0.287,0.345,-0.003,0.329,-0.034,0.425,-0.016,0.485,0.368,7.2,1.13,4.02,2.1927272727272724,5,Perimeter Ball-Hawk
De'Andre Hunter,1.195,0.064,0.891,0.086,0.96,0.078,0.789,0.03,0.847,0.368,0.769,0.02,1.006,0.282,0.379,0.022,0.313,-0.009,0.403,-0.018,0.56,0.335,7.0,1.0,3.78,1.618791946308725,0, Positional Perimeter Guard
Austin Rivers,0.942,0.098,1.294,0.064,0.818,0.062,0.852,0.051,0.849,0.399,0.9,0.019,1.007,0.254,0.355,0.007,0.351,0.048,0.454,0.031,0.7,0.175,10.1,0.75,3.92,2.361990950226244,5,Perimeter Ball-Hawk
Troy Brown Jr.,0.907,0.121,1.25,0.071,1.273,0.098,0.947,0.042,0.886,0.254,0.294,0.038,1.143,0.313,0.356,0.026,0.364,0.027,0.47,0.022,0.577,0.32,6.9,0.59,4.25,1.4625,0, Positional Perimeter Guard
Terry Rozier,0.891,0.07,0.842,0.072,1.094,0.041,1.0,0.033,0.878,0.324,1.115,0.033,1.023,0.388,0.376,0.012,0.37,0.022,0.458,0.036,0.564,0.217,8.3,1.22,4.05,2.093768545994065,0, Positional Perimeter Guard
Luguentz Dort,0.891,0.081,0.5,0.036,1.245,0.078,1.1,0.015,0.854,0.497,0.9,0.015,1.028,0.26,0.482,-0.015,0.274,0.01,0.346,0.023,0.697,0.245,8.4,1.1,3.77,1.9376146788990825,0, Positional Perimeter Guard
Reggie Jackson,0.731,0.084,1.222,0.056,0.718,0.049,0.907,0.054,0.871,0.31,0.964,0.035,0.959,0.365,0.388,-0.038,0.342,-0.052,0.439,-0.042,0.465,0.16,9.4,1.0,3.65,1.3038461538461537,0, Positional Perimeter Guard
Coby White,0.833,0.105,1.323,0.054,1.0,0.056,0.862,0.051,0.989,0.323,0.417,0.021,0.946,0.325,0.347,-0.014,0.388,0.003,0.493,0.017,0.5,0.214,7.9,0.92,3.83,1.1781818181818182,0, Positional Perimeter Guard
Grant Williams,1.159,0.057,0.843,0.173,0.773,0.028,1.036,0.072,0.984,0.163,0.964,0.036,1.041,0.283,0.352,0.015,0.331,-0.012,0.436,-0.033,0.556,0.35,6.3,0.84,3.96,1.5196721311475412,6,Versatile Positional Wing
Alec Burks,0.864,0.07,0.673,0.058,0.865,0.061,0.875,0.038,0.948,0.413,1.13,0.027,0.953,0.299,0.423,-0.04,0.313,0.028,0.392,0.018,0.542,0.206,7.5,0.97,3.9,2.114685314685315,0, Positional Perimeter Guard
Miles Bridges,1.238,0.043,0.954,0.111,1.208,0.049,0.818,0.056,0.932,0.181,1.121,0.034,0.961,0.422,0.39,-0.019,0.353,-0.029,0.433,-0.022,0.441,0.3,6.4,1.22,3.79,1.5109859154929577,0, Positional Perimeter Guard
Evan Fournier,0.839,0.089,0.864,0.063,1.109,0.066,1.333,0.03,0.912,0.278,1.091,0.016,0.926,0.41,0.378,-0.034,0.357,0.036,0.44,0.041,0.526,0.243,10.7,1.01,3.99,2.086779661016949,0, Positional Perimeter Guard
Bruce Brown,0.743,0.1,0.756,0.058,0.843,0.073,0.82,0.071,0.8,0.377,0.769,0.018,0.925,0.265,0.351,-0.058,0.364,-0.067,0.473,-0.058,0.412,0.31,6.3,0.87,4.0,3.3804878048780487,5,Perimeter Ball-Hawk
Talen Horton-Tucker,1.178,0.074,1.051,0.097,0.929,0.069,1.032,0.051,0.884,0.283,1.2,0.033,0.98,0.326,0.418,-0.007,0.323,0.001,0.436,-0.007,0.552,0.29,8.0,0.85,3.82,2.6142857142857143,5,Perimeter Ball-Hawk
Raul Neto,1.104,0.092,1.026,0.074,0.964,0.053,1.214,0.08,0.827,0.385,1.067,0.029,1.135,0.254,0.349,0.006,0.356,0.049,0.465,0.037,0.512,0.112,10.2,0.66,3.86,2.406122448979592,5,Perimeter Ball-Hawk
Pat Connaughton,1.082,0.081,1.033,0.05,0.821,0.047,0.659,0.068,0.721,0.173,1.588,0.028,1.092,0.453,0.458,0.004,0.309,0.024,0.401,0.048,0.643,0.293,7.2,0.92,3.88,1.7307692307692308,0, Positional Perimeter Guard
Gary Trent Jr.,1.019,0.078,1.038,0.08,0.902,0.077,1.273,0.033,0.763,0.286,0.824,0.026,1.128,0.364,0.415,0.029,0.357,0.048,0.421,0.045,0.746,0.173,9.1,1.15,3.73,3.4971428571428573,5,Perimeter Ball-Hawk
Avery Bradley,0.93,0.105,0.966,0.054,1.051,0.072,1.083,0.044,0.877,0.435,1.045,0.041,1.122,0.212,0.386,0.038,0.358,0.137,0.453,0.112,0.75,0.228,9.8,0.84,4.2,2.458149779735683,5,Perimeter Ball-Hawk
Bojan Bogdanovic,0.855,0.102,1.056,0.117,1.25,0.059,0.906,0.053,1.13,0.152,0.739,0.038,1.061,0.298,0.388,0.047,0.336,-0.026,0.435,-0.02,0.455,0.253,7.8,1.05,3.81,0.8621359223300971,0, Positional Perimeter Guard
Monte Morris,0.779,0.098,1.209,0.062,0.809,0.068,1.031,0.046,0.836,0.327,0.81,0.03,1.07,0.311,0.384,-0.041,0.347,0.046,0.458,0.064,0.535,0.133,10.0,0.95,3.69,1.3966555183946487,0, Positional Perimeter Guard
Austin Reaves,1.149,0.077,0.779,0.126,1.167,0.059,0.95,0.033,0.756,0.328,1.217,0.038,0.978,0.3,0.351,-0.062,0.374,0.007,0.479,0.006,0.476,0.264,8.1,0.85,4.12,1.7534482758620689,0, Positional Perimeter Guard
Patty Mills,1.0,0.08,0.925,0.079,0.934,0.091,0.882,0.05,0.929,0.294,0.688,0.024,0.937,0.307,0.408,-0.018,0.337,0.034,0.429,0.022,0.543,0.122,10.9,1.04,4.06,1.2413793103448276,0, Positional Perimeter Guard
Franz Wagner,0.771,0.083,0.9,0.095,0.956,0.08,1.071,0.05,0.769,0.251,1.032,0.037,1.021,0.344,0.371,0.011,0.338,-0.085,0.431,-0.072,0.483,0.261,8.7,1.09,3.98,2.181107491856678,0, Positional Perimeter Guard
Reggie Bullock,0.786,0.117,1.017,0.098,0.634,0.068,1.278,0.03,0.882,0.367,0.824,0.028,0.881,0.252,0.294,-0.054,0.397,0.023,0.495,0.03,0.621,0.216,8.3,0.97,4.04,1.62,0, Positional Perimeter Guard
Ayo Dosunmu,0.733,0.098,0.766,0.061,1.083,0.062,0.813,0.042,0.899,0.505,1.333,0.016,0.942,0.178,0.286,-0.045,0.424,0.007,0.533,0.014,0.614,0.21,8.9,0.98,4.06,1.7737226277372269,0, Positional Perimeter Guard
Chris Paul,0.918,0.104,0.591,0.038,0.703,0.063,0.757,0.063,0.855,0.294,0.231,0.022,0.995,0.36,0.415,-0.017,0.361,0.03,0.423,0.026,0.629,0.193,9.0,0.96,3.21,2.9434650455927054,5,Perimeter Ball-Hawk
De'Anthony Melton,0.812,0.113,0.974,0.062,1.065,0.102,0.697,0.054,0.803,0.349,1.133,0.025,1.094,0.262,0.312,0.052,0.466,0.017,0.556,0.008,0.554,0.244,7.1,0.79,3.91,4.472246696035242,5,Perimeter Ball-Hawk
Jayson Tatum,0.687,0.104,0.8,0.088,0.837,0.054,1.021,0.059,0.939,0.267,0.611,0.023,0.891,0.311,0.377,-0.029,0.379,-0.065,0.452,-0.048,0.418,0.229,6.7,1.11,3.51,1.5442896935933148,0, Positional Perimeter Guard
Dejounte Murray,0.967,0.071,1.043,0.054,0.939,0.058,1.093,0.051,0.904,0.454,1.429,0.025,1.019,0.252,0.344,0.004,0.468,-0.028,0.538,-0.001,0.585,0.218,6.2,1.23,3.87,4.127586206896552,5,Perimeter Ball-Hawk
Zach LaVine,0.784,0.1,0.929,0.075,1.088,0.077,1.03,0.044,0.844,0.285,1.471,0.023,1.353,0.335,0.457,0.081,0.304,-0.006,0.381,-0.021,0.381,0.175,6.4,1.17,3.82,1.0685878962536022,0, Positional Perimeter Guard
Cade Cunningham,1.093,0.073,0.838,0.101,1.138,0.079,0.925,0.072,1.042,0.226,0.824,0.023,1.05,0.38,0.352,0.011,0.421,-0.051,0.518,-0.029,0.523,0.284,6.9,1.09,3.73,2.539877300613497,6,Versatile Positional Wing
Deni Avdija,0.766,0.089,0.95,0.138,0.932,0.085,1.148,0.063,1.004,0.258,0.952,0.024,0.955,0.283,0.329,-0.036,0.391,-0.058,0.504,-0.055,0.417,0.292,4.6,0.83,3.91,1.91900826446281,4,Versatile Rim Protector
Devonte' Graham,1.071,0.083,1.143,0.052,1.2,0.067,1.094,0.047,0.858,0.322,1.0,0.03,1.072,0.348,0.43,0.002,0.303,0.073,0.403,0.052,0.547,0.159,11.4,0.94,3.74,2.07887323943662,0, Positional Perimeter Guard
Cole Anthony,0.952,0.084,1.063,0.064,1.196,0.068,0.941,0.068,0.948,0.386,1.048,0.028,1.01,0.279,0.374,0.031,0.323,0.004,0.42,0.007,0.489,0.172,6.8,1.08,3.8,1.453627760252366,0, Positional Perimeter Guard
Desmond Bane,0.845,0.086,0.96,0.061,0.923,0.095,0.735,0.041,0.822,0.369,1.038,0.032,0.996,0.282,0.39,-0.02,0.309,-0.045,0.405,-0.06,0.473,0.204,7.1,1.02,3.9,2.1624161073825503,0, Positional Perimeter Guard
Matisse Thybulle,0.741,0.111,0.957,0.064,0.878,0.101,0.864,0.03,0.832,0.413,1.056,0.025,0.681,0.226,0.331,-0.116,0.353,-0.018,0.459,-0.025,0.763,0.252,9.7,0.97,4.28,5.308235294117647,5,Perimeter Ball-Hawk
Corey Kispert,0.772,0.154,1.102,0.096,0.98,0.097,1.071,0.055,0.816,0.201,1.083,0.023,1.211,0.287,0.333,0.003,0.377,0.0,0.475,-0.009,0.512,0.201,8.8,0.82,3.99,0.9384615384615383,0, Positional Perimeter Guard
DeMar DeRozan,1.216,0.076,0.838,0.055,0.955,0.066,1.3,0.06,0.784,0.187,1.476,0.031,0.891,0.385,0.329,-0.013,0.423,0.018,0.511,0.005,0.444,0.217,8.2,1.11,3.5,1.5457063711911356,0, Positional Perimeter Guard
Jimmy Butler,1.088,0.11,1.091,0.064,0.789,0.074,1.065,0.06,0.724,0.259,1.333,0.023,0.935,0.36,0.449,-0.049,0.325,0.02,0.395,0.029,0.415,0.375,6.8,1.15,3.81,2.771681415929204,5,Perimeter Ball-Hawk
Devin Vassell,1.105,0.092,0.909,0.071,1.059,0.082,0.806,0.05,0.8,0.372,0.0,0.0,1.026,0.249,0.308,0.011,0.447,-0.032,0.538,-0.017,0.729,0.317,6.4,1.0,3.96,2.452747252747253,2,Off-Ball Chaser
RJ Barrett,0.926,0.069,0.678,0.06,0.848,0.067,1.122,0.042,0.844,0.36,0.92,0.026,0.997,0.335,0.421,-0.023,0.331,0.014,0.398,0.018,0.5,0.222,7.3,1.21,3.99,0.9495652173913044,0, Positional Perimeter Guard
Devin Booker,0.851,0.093,0.855,0.078,0.917,0.06,0.974,0.048,0.912,0.286,1.0,0.02,0.931,0.365,0.382,-0.032,0.349,-0.053,0.427,-0.03,0.485,0.184,8.0,1.12,3.63,1.8365217391304347,0, Positional Perimeter Guard
De'Aaron Fox,0.865,0.093,0.55,0.05,0.972,0.045,0.821,0.035,1.052,0.438,1.357,0.018,1.022,0.287,0.39,0.019,0.361,0.049,0.443,0.051,0.417,0.149,9.6,1.2,3.74,2.5801699716713884,5,Perimeter Ball-Hawk
Andrew Wiggins,0.73,0.096,0.833,0.071,0.965,0.061,0.848,0.035,0.821,0.312,0.759,0.031,1.045,0.334,0.404,-0.014,0.358,-0.045,0.453,-0.05,0.359,0.324,6.7,1.08,3.74,1.6363636363636365,0, Positional Perimeter Guard
Herbert Jones,0.857,0.082,1.038,0.085,0.935,0.049,1.14,0.046,0.878,0.383,1.053,0.02,1.092,0.29,0.403,0.019,0.319,-0.027,0.413,-0.015,0.441,0.314,9.0,1.06,3.97,3.7565217391304353,5,Perimeter Ball-Hawk
Aaron Gordon,1.0,0.077,1.066,0.087,1.0,0.066,1.0,0.023,0.824,0.35,0.833,0.034,0.961,0.291,0.35,-0.017,0.358,-0.021,0.465,-0.025,0.38,0.374,6.6,1.04,3.81,1.0334384858044166,0, Positional Perimeter Guard
Javonte Green,1.0,0.113,0.932,0.074,1.125,0.054,0.905,0.071,0.876,0.284,0.75,0.02,1.123,0.272,0.359,0.012,0.373,-0.043,0.474,-0.027,0.551,0.373,6.2,0.85,4.15,3.261538461538462,5,Perimeter Ball-Hawk
Jrue Holiday,0.985,0.074,0.7,0.043,0.75,0.069,0.727,0.036,0.879,0.392,0.611,0.019,1.075,0.33,0.448,0.035,0.289,-0.02,0.375,-0.026,0.636,0.342,7.9,1.16,3.8,2.987234042553192,5,Perimeter Ball-Hawk
Kentavious Caldwell-Pope,1.03,0.086,0.933,0.059,0.981,0.071,0.914,0.076,0.925,0.42,1.5,0.024,1.062,0.231,0.35,-0.019,0.376,0.029,0.464,0.026,0.458,0.199,8.7,0.99,3.78,2.3125827814569537,5,Perimeter Ball-Hawk
Kevin Huerter,0.873,0.1,1.048,0.079,1.13,0.087,0.8,0.038,0.881,0.351,0.938,0.02,0.941,0.277,0.375,0.0,0.347,0.032,0.448,0.031,0.548,0.201,9.0,1.0,3.86,2.1405405405405404,0, Positional Perimeter Guard
Grayson Allen,1.045,0.114,1.214,0.047,1.074,0.092,1.087,0.039,0.894,0.176,1.034,0.049,0.984,0.431,0.463,-0.023,0.296,-0.031,0.389,-0.019,0.578,0.158,8.7,1.0,4.01,1.912087912087912,0, Positional Perimeter Guard
Davion Mitchell,0.933,0.094,0.733,0.057,1.033,0.077,0.939,0.042,0.779,0.45,1.105,0.024,0.967,0.229,0.403,-0.009,0.312,-0.012,0.399,-0.027,0.521,0.148,10.6,0.97,3.92,1.9104693140794224,0, Positional Perimeter Guard
Jaylen Brown,0.947,0.107,0.947,0.054,0.811,0.075,1.02,0.07,0.929,0.298,1.0,0.031,1.014,0.307,0.392,-0.013,0.344,-0.015,0.44,-0.023,0.379,0.257,6.9,1.1,3.74,1.8964285714285716,0, Positional Perimeter Guard
Keldon Johnson,1.042,0.089,0.712,0.074,0.942,0.065,0.984,0.08,0.857,0.279,1.235,0.021,1.062,0.283,0.362,-0.006,0.383,-0.067,0.472,-0.058,0.54,0.287,5.7,1.1,3.78,1.4783699059561128,0, Positional Perimeter Guard
Marcus Smart,0.881,0.106,0.585,0.052,1.0,0.054,0.686,0.064,0.982,0.355,0.864,0.028,0.877,0.278,0.454,-0.028,0.285,0.017,0.361,0.024,0.527,0.306,8.9,1.02,3.57,3.221052631578948,5,Perimeter Ball-Hawk
Terance Mann,0.882,0.104,0.862,0.071,0.75,0.078,0.708,0.059,0.83,0.352,1.227,0.027,1.005,0.258,0.319,0.001,0.402,-0.034,0.512,-0.025,0.421,0.309,6.1,1.03,4.06,1.6741258741258742,0, Positional Perimeter Guard
Tyrese Maxey,0.852,0.095,0.959,0.053,0.902,0.066,1.103,0.042,0.874,0.42,1.229,0.038,1.058,0.242,0.392,-0.008,0.32,-0.014,0.414,0.006,0.792,0.138,10.2,1.24,4.06,1.3869688385269123,0, Positional Perimeter Guard
Khris Middleton,1.086,0.092,1.129,0.111,0.918,0.064,0.962,0.034,0.957,0.243,1.3,0.026,1.07,0.372,0.428,0.012,0.332,-0.003,0.406,-0.005,0.513,0.236,7.1,1.1,3.63,2.477777777777778,5,Perimeter Ball-Hawk
Gary Harris,1.056,0.122,0.829,0.059,0.947,0.064,1.063,0.054,0.927,0.369,0.333,0.025,0.955,0.261,0.413,0.008,0.31,0.018,0.412,-0.015,0.59,0.123,10.5,1.07,4.21,2.218309859154929,5,Perimeter Ball-Hawk
Mikal Bridges,0.871,0.084,0.912,0.062,0.967,0.082,0.953,0.039,0.843,0.433,1.138,0.026,1.058,0.236,0.37,-0.01,0.361,0.01,0.443,0.003,0.538,0.335,8.3,1.28,4.09,2.1206896551724137,0, Positional Perimeter Guard
Russell Westbrook,0.965,0.11,0.894,0.061,0.957,0.059,0.811,0.048,0.881,0.305,1.346,0.034,0.983,0.303,0.382,0.008,0.36,0.049,0.437,0.061,0.569,0.293,6.8,1.1,3.55,1.910204081632653,0, Positional Perimeter Guard
Trae Young,1.181,0.088,0.683,0.05,1.204,0.06,0.867,0.055,0.97,0.322,0.758,0.04,1.076,0.275,0.408,-0.002,0.322,0.049,0.42,0.043,0.484,0.095,10.9,1.06,3.46,1.7742120343839545,0, Positional Perimeter Guard
Donovan Mitchell,1.099,0.133,1.083,0.039,0.868,0.062,1.053,0.031,0.894,0.37,1.545,0.018,0.894,0.279,0.413,-0.01,0.337,0.064,0.424,0.065,0.563,0.227,9.7,1.02,3.37,2.513609467455621,5,Perimeter Ball-Hawk
Jordan Poole,1.165,0.13,1.158,0.058,0.961,0.078,1.276,0.044,0.621,0.258,0.636,0.034,0.991,0.333,0.421,-0.002,0.337,0.007,0.437,0.004,0.511,0.154,9.4,0.96,3.56,1.416,0, Positional Perimeter Guard
Jordan Clarkson,1.03,0.157,0.618,0.053,0.745,0.08,0.778,0.028,0.767,0.283,1.4,0.031,1.057,0.305,0.43,-0.034,0.327,0.003,0.417,-0.004,0.462,0.231,8.0,0.9,3.8,1.6472324723247231,0, Positional Perimeter Guard
Royce O'Neale,1.008,0.126,0.926,0.082,1.122,0.075,1.043,0.047,0.874,0.425,0.684,0.019,1.053,0.191,0.36,0.026,0.351,-0.026,0.433,-0.002,0.525,0.247,7.1,1.07,3.84,2.042307692307692,0, Positional Perimeter Guard
Olivier Sarr,0.0,0.0,0.6,0.047,0.0,0.0,0.75,0.075,0.0,0.0,1.15,0.094,1.1,0.141,0.309,0.079,0.42,0.025,0.532,0.018,0.333,0.409,5.8,0.67,4.0,1.45130890052356,1,Paint Protector
Derrick Favors,0.0,0.0,0.391,0.063,0.0,0.0,0.971,0.093,0.0,0.0,1.321,0.077,1.105,0.104,0.275,0.016,0.332,-0.055,0.406,-0.033,0.154,0.489,4.9,0.54,3.8,1.9401197604790417,1,Paint Protector
Robin Lopez,0.0,0.0,1.0,0.037,0.0,0.0,1.636,0.034,0.0,0.0,0.571,0.086,1.214,0.171,0.257,-0.048,0.393,-0.04,0.455,-0.003,0.375,0.643,5.7,0.56,3.78,0.4658823529411764,1,Paint Protector
Keon Johnson,0.0,0.0,1.0,0.067,0.722,0.092,1.0,0.077,0.791,0.221,0.0,0.0,0.941,0.436,0.37,-0.057,0.444,0.04,0.519,0.053,0.813,0.309,9.2,0.68,3.9,2.48936170212766,2,Off-Ball Chaser
Alex Len,0.0,0.0,0.542,0.062,0.0,0.0,0.857,0.054,0.0,0.0,0.704,0.069,1.02,0.128,0.215,0.024,0.412,-0.062,0.521,-0.039,0.364,0.478,5.4,0.55,3.78,1.8566037735849052,1,Paint Protector
Nerlens Noel,0.0,0.0,0.875,0.064,0.0,0.0,1.357,0.056,0.0,0.0,1.261,0.092,1.167,0.217,0.274,0.095,0.485,-0.107,0.555,-0.096,0.667,0.482,5.3,0.76,3.86,4.416,1,Paint Protector
Trevor Ariza,0.0,0.0,1.364,0.081,0.727,0.081,0.0,0.0,0.889,0.2,0.0,0.0,0.825,0.296,0.319,-0.052,0.393,0.058,0.515,0.045,0.286,0.183,7.0,0.66,3.91,2.33160621761658,2,Off-Ball Chaser
Dewayne Dedmon,0.0,0.0,0.625,0.051,0.0,0.0,1.13,0.098,0.0,0.0,1.189,0.079,0.893,0.179,0.282,-0.015,0.371,-0.05,0.486,-0.035,0.292,0.399,4.6,0.52,3.78,1.924528301886792,1,Paint Protector
Thomas Bryant,0.0,0.0,1.5,0.051,0.0,0.0,1.28,0.105,0.0,0.0,0.882,0.072,0.786,0.118,0.256,-0.02,0.378,-0.042,0.484,-0.012,0.333,0.389,4.4,0.53,3.73,0.9717791411042944,1,Paint Protector
Kristaps Porzingis,0.0,0.0,1.133,0.077,1.4,0.026,1.563,0.041,0.0,0.0,1.063,0.082,0.915,0.242,0.297,0.029,0.418,-0.072,0.49,-0.065,0.263,0.423,5.1,0.92,3.67,1.6013793103448275,1,Paint Protector
Tristan Thompson,0.0,0.0,0.95,0.099,0.0,0.0,0.0,0.0,0.0,0.0,1.727,0.054,1.579,0.094,0.245,0.031,0.382,-0.029,0.507,-0.039,0.393,0.504,4.8,0.55,4.01,1.2152866242038218,1,Paint Protector
Tristan Thompson,0.0,0.0,1.25,0.071,0.0,0.0,1.0,0.045,0.0,0.0,0.0,0.0,1.074,0.121,0.245,0.031,0.382,-0.029,0.507,-0.039,0.393,0.504,4.8,0.55,4.01,1.2152866242038218,1,Paint Protector
Zach Collins,0.0,0.0,1.0,0.076,0.0,0.0,1.0,0.076,0.0,0.0,1.0,0.053,0.933,0.199,0.251,0.055,0.364,-0.065,0.503,-0.052,0.273,0.418,4.8,0.61,3.8,1.287150837988827,1,Paint Protector
Serge Ibaka,0.0,0.0,1.071,0.105,0.0,0.0,0.556,0.067,0.0,0.0,1.4,0.056,0.83,0.199,0.25,0.034,0.347,-0.055,0.451,-0.037,0.4,0.434,5.1,0.53,3.67,1.060122699386503,1,Paint Protector
JaVale McGee,0.0,0.0,0.706,0.046,0.0,0.0,0.571,0.028,0.0,0.0,0.86,0.058,0.951,0.165,0.236,0.016,0.402,-0.109,0.494,-0.091,0.273,0.51,3.9,0.51,3.69,1.1164556962025316,1,Paint Protector
Terry Taylor,0.0,0.0,0.893,0.106,0.9,0.038,1.484,0.117,1.214,0.106,1.1,0.038,0.986,0.279,0.341,0.103,0.36,0.011,0.492,0.005,0.6,0.494,6.3,0.8,4.11,1.1666666666666663,6,Versatile Positional Wing
Andre Drummond,0.0,0.0,1.038,0.052,0.0,0.0,1.25,0.024,0.0,0.0,1.04,0.05,1.037,0.162,0.261,0.039,0.395,-0.049,0.494,-0.022,0.375,0.501,3.9,0.65,3.84,3.910659898477158,1,Paint Protector
Andre Drummond,0.0,0.0,1.25,0.114,0.0,0.0,1.0,0.036,0.0,0.0,0.6,0.036,1.167,0.171,0.261,0.039,0.395,-0.049,0.494,-0.022,0.375,0.501,3.9,0.65,3.84,3.910659898477158,1,Paint Protector
Montrezl Harrell,0.0,0.0,0.9,0.136,0.0,0.0,0.533,0.068,0.0,0.0,0.0,0.0,1.064,0.213,0.287,-0.034,0.309,0.006,0.418,-0.013,0.27,0.448,5.6,0.75,3.69,1.2,1,Paint Protector
Montrezl Harrell,0.0,0.0,0.842,0.068,0.0,0.0,0.727,0.078,0.0,0.0,1.318,0.039,0.855,0.148,0.287,-0.034,0.309,0.006,0.418,-0.013,0.27,0.448,5.6,0.75,3.69,1.2,1,Paint Protector
Taj Gibson,0.0,0.0,1.154,0.062,0.0,0.0,1.063,0.038,0.0,0.0,0.613,0.074,0.882,0.222,0.381,-0.009,0.36,-0.028,0.441,-0.018,0.526,0.471,5.2,0.63,3.88,1.978021978021978,1,Paint Protector
Trey Lyles,0.0,0.0,1.154,0.151,0.769,0.076,1.455,0.064,1.385,0.076,0.0,0.0,1.224,0.337,0.302,-0.029,0.443,0.008,0.538,0.024,0.419,0.357,5.3,0.69,3.77,1.5629268292682927,2,Off-Ball Chaser
Trey Lyles,0.0,0.0,0.925,0.137,0.0,0.0,0.971,0.088,0.4,0.065,0.688,0.041,1.075,0.275,0.302,-0.029,0.443,0.008,0.538,0.024,0.419,0.357,5.3,0.69,3.77,1.5629268292682927,1,Paint Protector
Isaiah Roby,0.0,0.0,1.0,0.066,0.308,0.029,1.246,0.135,0.667,0.026,0.677,0.068,0.943,0.155,0.241,-0.077,0.489,-0.018,0.577,0.012,0.313,0.433,5.5,0.68,3.77,2.849289099526066,1,Paint Protector
Daniel Theis,0.0,0.0,1.069,0.131,0.0,0.0,1.15,0.09,0.4,0.045,1.045,0.1,1.186,0.267,0.319,0.001,0.389,-0.013,0.487,-0.019,0.619,0.364,5.4,0.7,3.82,1.8,1,Paint Protector
Daniel Theis,0.0,0.0,0.966,0.203,0.0,0.0,1.179,0.134,0.0,0.0,0.313,0.055,1.119,0.231,0.319,0.001,0.389,-0.013,0.487,-0.019,0.619,0.364,5.4,0.7,3.82,1.8,1,Paint Protector
Drew Eubanks,0.0,0.0,1.069,0.073,0.0,0.0,0.867,0.038,0.0,0.0,0.923,0.066,0.889,0.137,0.283,0.02,0.422,-0.016,0.512,-0.016,0.478,0.419,4.5,0.62,3.93,1.7897142857142856,1,Paint Protector
Drew Eubanks,0.0,0.0,1.333,0.163,0.0,0.0,0.87,0.096,0.0,0.0,0.933,0.063,1.135,0.218,0.283,0.02,0.422,-0.016,0.512,-0.016,0.478,0.419,4.5,0.62,3.93,1.7897142857142856,1,Paint Protector
Willy Hernangomez,0.0,0.0,1.138,0.06,0.0,0.0,0.943,0.073,0.0,0.0,1.175,0.083,0.87,0.16,0.238,0.077,0.416,0.007,0.529,0.018,0.333,0.45,4.5,0.59,3.94,2.0142857142857142,1,Paint Protector
Jusuf Nurkic,0.0,0.0,0.786,0.061,0.0,0.0,0.647,0.049,0.0,0.0,1.167,0.07,1.093,0.157,0.208,0.066,0.426,-0.005,0.553,-0.03,0.393,0.426,4.4,0.94,3.77,2.693617021276596,1,Paint Protector
Joel Embiid,0.0,0.0,0.625,0.047,1.4,0.008,0.828,0.024,0.2,0.008,0.741,0.072,1.0,0.128,0.204,0.01,0.435,-0.066,0.52,-0.053,0.507,0.426,4.5,1.05,3.55,1.7680473372781067,1,Paint Protector
Hassan Whiteside,0.0,0.0,1.059,0.048,0.0,0.0,0.2,0.014,0.0,0.0,1.064,0.066,1.013,0.112,0.206,0.021,0.388,-0.052,0.5,-0.053,0.607,0.49,4.2,0.6,3.82,1.146368715083799,1,Paint Protector
Richaun Holmes,0.0,0.0,1.059,0.069,0.0,0.0,0.571,0.028,0.7,0.02,1.04,0.051,0.972,0.146,0.215,0.016,0.454,-0.089,0.558,-0.069,0.417,0.458,4.5,0.8,3.74,1.5062761506276152,1,Paint Protector
Khem Birch,0.0,0.0,0.837,0.098,0.0,0.0,0.824,0.039,0.0,0.0,0.846,0.059,1.027,0.167,0.287,-0.03,0.395,-0.007,0.478,0.019,0.391,0.49,6.0,0.62,4.0,2.36,1,Paint Protector
Jeremiah Robinson-Earl,0.0,0.0,0.925,0.08,0.0,0.0,0.92,0.05,0.826,0.046,1.0,0.054,1.055,0.256,0.307,-0.018,0.425,-0.055,0.534,-0.036,0.484,0.453,5.9,0.79,3.97,1.1837837837837837,1,Paint Protector
Dwight Howard,0.0,0.0,1.448,0.059,0.0,0.0,1.04,0.051,0.0,0.0,1.381,0.043,0.865,0.151,0.222,0.028,0.357,0.045,0.465,0.038,0.563,0.455,4.4,0.54,3.82,2.955555555555556,1,Paint Protector
Blake Griffin,0.0,0.0,0.8,0.126,0.0,0.0,0.913,0.089,0.786,0.027,1.237,0.074,1.247,0.142,0.295,-0.009,0.332,-0.022,0.444,-0.042,0.478,0.452,5.1,0.55,3.66,2.0,1,Paint Protector
Mason Plumlee,0.0,0.0,0.663,0.098,0.0,0.0,0.833,0.052,0.786,0.017,0.848,0.041,0.828,0.214,0.227,-0.052,0.439,-0.041,0.54,-0.024,0.442,0.42,4.7,0.86,3.92,2.7804878048780486,1,Paint Protector
Myles Turner,0.0,0.0,0.887,0.107,0.0,0.0,0.857,0.024,0.0,0.0,0.971,0.059,1.297,0.157,0.211,0.054,0.482,-0.088,0.564,-0.072,0.353,0.407,5.3,1.0,3.81,2.0081632653061225,1,Paint Protector
Clint Capela,0.0,0.0,0.819,0.069,1.5,0.012,0.909,0.064,0.588,0.016,1.147,0.065,0.981,0.156,0.232,-0.004,0.402,-0.042,0.498,-0.031,0.383,0.426,4.6,0.92,3.79,1.7739130434782608,1,Paint Protector
Trendon Watford,0.0,0.0,1.236,0.173,0.0,0.0,1.08,0.079,0.789,0.06,0.0,0.0,0.925,0.333,0.35,0.008,0.431,0.015,0.517,-0.009,0.1,0.392,5.8,0.62,3.77,2.187845303867403,1,Paint Protector
Deandre Ayton,0.0,0.0,0.947,0.082,0.692,0.014,0.9,0.044,0.0,0.0,1.051,0.065,0.946,0.142,0.271,-0.026,0.343,-0.058,0.446,-0.051,0.667,0.413,4.8,0.96,3.63,1.2203389830508475,1,Paint Protector
LaMarcus Aldridge,0.0,0.0,1.0,0.121,0.0,0.0,0.889,0.045,0.0,0.0,0.769,0.043,1.069,0.144,0.264,0.016,0.344,-0.077,0.44,-0.066,0.333,0.426,5.6,0.74,3.8,1.3721973094170403,1,Paint Protector
Nikola Jokic,0.0,0.0,0.961,0.063,0.0,0.0,1.019,0.043,0.0,0.0,0.958,0.078,1.019,0.173,0.216,0.011,0.394,-0.025,0.508,-0.029,0.413,0.442,4.1,1.05,3.61,3.0626865671641794,1,Paint Protector
Precious Achiuwa,0.0,0.0,0.765,0.14,0.8,0.021,0.882,0.073,1.079,0.054,0.875,0.057,0.983,0.254,0.269,-0.033,0.429,-0.088,0.522,-0.069,0.542,0.406,5.3,0.83,4.0,1.5254237288135593,1,Paint Protector
Karl-Anthony Towns,0.0,0.0,0.939,0.079,0.2,0.014,0.731,0.064,0.857,0.013,0.852,0.078,1.056,0.189,0.288,-0.003,0.373,-0.03,0.482,-0.029,0.452,0.426,5.4,1.11,3.71,1.977313432835821,1,Paint Protector
Damian Jones,0.0,0.0,1.054,0.146,1.4,0.03,0.958,0.047,0.538,0.026,1.379,0.057,1.256,0.178,0.297,0.073,0.402,-0.045,0.51,-0.03,0.263,0.392,5.5,0.64,3.86,1.8989010989010988,1,Paint Protector
Ivica Zubac,0.0,0.0,0.833,0.091,1.273,0.01,0.55,0.038,0.909,0.01,1.362,0.055,1.091,0.198,0.239,0.055,0.357,-0.077,0.478,-0.067,0.361,0.528,4.0,0.82,3.86,1.0032786885245903,1,Paint Protector
Jarrett Allen,0.0,0.0,0.976,0.097,0.462,0.015,0.781,0.073,1.154,0.03,0.863,0.058,0.871,0.177,0.252,-0.045,0.448,-0.151,0.544,-0.117,0.353,0.472,4.9,1.03,3.73,1.5380804953560372,1,Paint Protector
Nikola Vucevic,0.0,0.0,1.01,0.068,0.9,0.007,0.897,0.055,0.941,0.012,1.035,0.081,1.051,0.139,0.212,0.013,0.423,-0.008,0.516,-0.01,0.378,0.409,4.3,1.05,3.62,2.3492447129909366,1,Paint Protector
Kevon Looney,0.0,0.0,0.98,0.107,0.813,0.017,1.086,0.086,1.5,0.017,0.772,0.06,0.947,0.161,0.274,-0.018,0.35,-0.062,0.466,-0.039,0.44,0.467,5.0,0.74,3.88,1.8767772511848344,1,Paint Protector
Alperen Sengun,0.0,0.0,0.971,0.138,0.846,0.017,1.018,0.073,0.0,0.0,1.125,0.074,1.158,0.151,0.278,-0.001,0.466,-0.019,0.562,0.014,0.375,0.476,5.0,0.7,3.86,2.9217391304347826,1,Paint Protector
Isaiah Stewart,0.0,0.0,0.882,0.162,1.267,0.016,0.846,0.069,1.0,0.019,0.8,0.053,1.26,0.164,0.287,-0.013,0.359,-0.112,0.474,-0.096,0.409,0.422,4.3,0.87,3.84,0.9140625,1,Paint Protector
D.J. Augustin,0.0,0.0,0.0,0.0,0.846,0.083,0.0,0.0,1.0,0.314,0.0,0.0,0.831,0.378,0.304,-0.065,0.429,0.132,0.516,0.175,0.5,0.059,12.2,0.52,3.73,1.0509316770186334,2,Off-Ball Chaser
D.J. Augustin,0.0,0.0,0.0,0.0,0.0,0.0,0.0,0.0,0.775,0.404,0.0,0.0,1.818,0.222,0.304,-0.065,0.429,0.132,0.516,0.175,0.5,0.059,12.2,0.52,3.73,1.0509316770186334,2,Off-Ball Chaser
