PLAYER_NAME,POTENTIAL_AST,Season,DRIVES,DRIVE_PASSES_PCT,PULL_UP_FGA,PULL_UP_FG3_PCT,CATCH_SHOOT_FG_PCT,CATCH_SHOOT_FGA,Restricted Area FGA,In The Paint (Non-RA) FGA,Mid-Range FGA,2PA,FGA,FG3A,USG_PCT
Aaron Gordon,4.4,2021-22,3.5,0.328,2.1,0.3,0.37,2.9,4.9,1.3,1.5,7.7,11.1,3.5,0.194
Aaron Henry,0.2,2021-22,0.2,0.0,0.3,0.0,,0.0,0.2,0.2,0.3,0.7,0.8,0.2,0.149
Aaron Holiday,4.8,2021-22,6.4,0.446,1.6,0.448,0.347,1.2,1.3,1.7,0.8,3.8,5.4,1.6,0.182
Aaron Nesmith,0.9,2021-22,1.3,0.343,0.6,0.176,0.291,2.0,0.7,0.3,0.3,1.3,3.5,2.2,0.164
Aaron Wiggins,2.6,2021-22,4.1,0.384,0.4,0.2,0.31,2.5,2.2,1.7,0.1,4.0,6.7,2.8,0.149
Abdel Nader,0.9,2021-22,2.1,0.31,0.2,0.0,0.364,0.8,0.9,0.6,0.0,1.5,2.5,1.0,0.139
Ade Murkey,0.0,2021-22,0.0,0.0,0.0,,,0.0,0.0,0.0,0.0,0.0,0.0,0.0,0.0
Admiral Schofield,1.3,2021-22,1.2,0.295,0.2,0.286,0.342,1.9,0.7,0.6,0.1,1.4,3.4,2.1,0.143
Ahmad Caver,1.0,2021-22,0.0,0.0,0.0,,,0.0,1.0,0.0,0.0,1.0,1.0,0.0,0.5
Al Horford,5.6,2021-22,1.2,0.446,0.3,1.0,0.357,4.1,1.8,1.7,0.9,4.4,8.2,3.8,0.147
Alec Burks,5.4,2021-22,6.2,0.373,3.5,0.386,0.419,3.1,1.5,1.6,1.1,4.2,9.0,4.8,0.171
Aleem Ford,0.8,2021-22,1.2,0.167,0.0,,0.133,3.0,0.6,0.4,0.0,1.0,4.0,3.0,0.148
Alekesej Pokusevski,4.0,2021-22,3.9,0.513,1.4,0.192,0.303,2.9,2.0,1.7,0.6,4.3,7.5,3.2,0.195
Alex Caruso,6.8,2021-22,4.0,0.512,1.3,0.217,0.346,2.6,1.9,0.8,0.5,3.2,6.2,3.1,0.13
Alex Len,1.9,2021-22,0.3,0.0,0.1,,0.342,1.0,2.2,1.7,0.1,4.0,4.5,0.5,0.165
Alfonzo McKinnie,0.5,2021-22,0.9,0.125,0.6,0.0,0.346,1.5,1.2,0.3,0.6,2.1,3.6,1.6,0.148
Alize Johnson,0.7,2021-22,0.3,0.25,0.0,,0.25,0.2,1.1,0.6,0.0,1.7000000000000002,1.7,0.2,0.14
Alperen Sengun,4.9,2021-22,3.4,0.272,0.5,0.125,0.298,1.4,3.8,1.6,0.2,5.6000000000000005,7.3,1.6,0.214
Amir Coffey,3.2,2021-22,3.1,0.33,1.3,0.286,0.387,3.1,1.5,1.1,0.6,3.2,6.8,3.7,0.154
Andre Drummond,2.9,2021-22,1.0,0.214,0.1,0.0,0.2,0.1,4.6,1.1,0.1,5.799999999999999,5.9,0.0,0.181
Andre Iguodala,6.4,2021-22,0.8,0.652,0.5,0.091,0.25,1.9,1.0,0.3,0.3,1.6,3.9,2.4,0.113
Andrew Wiggins,4.7,2021-22,6.9,0.389,3.9,0.338,0.412,4.5,3.0,3.0,2.5,8.5,14.0,5.5,0.224
Anfernee Simons,8.4,2021-22,7.6,0.361,7.0,0.337,0.478,4.0,1.9,1.9,2.4,6.199999999999999,14.0,7.8,0.244
Anthony Davis,6.0,2021-22,2.7,0.215,3.9,0.5,0.336,3.5,7.6,3.2,4.9,15.700000000000001,17.4,1.8,0.263
Anthony Edwards,7.9,2021-22,10.8,0.344,6.8,0.325,0.421,3.3,5.7,1.8,1.5,9.0,17.3,8.4,0.262
Anthony Gill,1.0,2021-22,1.2,0.275,0.0,,0.556,0.6,1.0,1.0,0.1,2.1,2.5,0.6,0.138
Anthony Lamb,1.0,2021-22,0.0,0.0,0.0,,0.0,1.0,0.0,0.0,0.0,0.0,1.0,1.0,0.105
Armoni Brooks,2.3,2021-22,1.3,0.529,1.9,0.292,0.3,2.8,0.5,0.2,0.1,0.7999999999999999,5.4,4.6,0.159
Arnoldas Kulboka,0.0,2021-22,0.0,0.0,0.0,,0.0,0.5,0.0,0.0,0.0,0.0,0.5,0.5,0.071
Austin Reaves,3.6,2021-22,2.8,0.429,1.1,0.147,0.36,2.2,1.3,0.8,0.5,2.6,5.2,2.7,0.121
Austin Rivers,2.7,2021-22,3.2,0.406,1.0,0.222,0.37,2.4,1.1,0.6,0.1,1.8000000000000003,5.2,3.4,0.123
Avery Bradley,1.8,2021-22,1.0,0.429,1.3,0.419,0.407,3.0,0.9,0.5,0.8,2.2,5.6,3.4,0.119
Ayo Dosunmu,6.0,2021-22,4.2,0.498,1.4,0.222,0.389,2.4,2.7,0.8,1.0,4.5,6.9,2.4,0.138
BJ Johnson,1.5,2021-22,1.3,0.2,1.5,0.0,0.5,3.0,1.3,0.5,2.0,3.8,6.3,2.5,0.169
Bam Adebayo,7.1,2021-22,3.6,0.224,2.5,0.0,0.388,1.2,5.8,5.0,2.1,12.9,13.0,0.1,0.248
Ben McLemore,1.6,2021-22,1.0,0.478,1.7,0.282,0.378,5.6,0.9,0.2,0.9,2.0,8.4,6.5,0.207
Bismack Biyombo,1.0,2021-22,0.0,0.0,0.1,,0.125,0.2,2.4,1.5,0.2,4.1,4.0,0.0,0.167
Blake Griffin,3.1,2021-22,0.7,0.4,0.6,0.3,0.256,2.2,2.3,0.5,0.2,3.0,5.6,2.6,0.167
Boban Marjanovic,0.3,2021-22,0.0,0.0,0.6,,0.385,0.6,1.4,1.5,0.4,3.3,3.0,0.2,0.311
Bobby Portis,2.1,2021-22,1.5,0.234,1.9,0.5,0.405,5.2,3.0,2.4,2.0,7.4,12.1,4.7,0.207
Bogdan Bogdanovic,5.0,2021-22,6.5,0.426,4.7,0.357,0.399,5.0,1.7,2.0,1.6,5.300000000000001,12.6,7.3,0.212
Bojan Bogdanovic,3.0,2021-22,6.2,0.268,3.0,0.378,0.389,5.4,2.9,2.9,0.9,6.7,13.4,6.8,0.232
Bol Bol,0.9,2021-22,0.8,0.455,0.6,,0.25,0.3,0.7,0.7,0.5,1.9,1.9,0.3,0.16
Bones Hyland,5.0,2021-22,4.0,0.438,3.1,0.369,0.371,3.0,1.4,0.9,0.8,3.0999999999999996,8.3,5.2,0.231
Brad Wanamaker,4.7,2021-22,4.0,0.533,1.4,0.0,0.5,0.3,1.1,0.6,1.0,2.7,3.3,0.7,0.146
Bradley Beal,12.0,2021-22,17.4,0.368,8.1,0.31,0.294,3.0,5.0,4.9,4.1,14.0,19.3,5.3,0.297
Brandon Boston,1.8,2021-22,2.4,0.246,2.8,0.309,0.321,1.0,1.9,0.8,1.6,4.300000000000001,6.4,2.2,0.212
Brandon Clarke,2.2,2021-22,1.7,0.236,0.4,,0.388,0.8,3.9,2.5,0.3,6.7,7.0,0.3,0.171
Brandon Goodwin,5.3,2021-22,4.9,0.545,1.5,0.333,0.355,0.9,1.4,0.9,0.5,2.8,4.3,1.5,0.177
Brandon Ingram,10.7,2021-22,11.9,0.377,8.1,0.213,0.413,4.8,3.1,3.3,7.4,13.8,17.9,4.1,0.291
Brandon Knight,4.0,2021-22,5.0,0.68,1.8,0.125,0.333,1.8,1.4,0.2,0.0,1.5999999999999999,5.0,3.4,0.216
Brandon Williams,8.6,2021-22,10.5,0.381,4.0,0.222,0.365,2.6,3.7,2.1,1.6,7.4,11.8,4.4,0.246
Braxton Key,2.5,2021-22,1.7,0.263,1.0,0.25,0.278,1.6,3.0,1.0,0.6,4.6,6.5,1.9,0.184
Brodric Thomas,1.3,2021-22,0.8,0.778,0.3,0.333,0.167,0.5,0.6,0.2,0.0,0.8,1.5,0.8,0.172
Brook Lopez,1.0,2021-22,0.9,0.083,1.2,0.333,0.346,4.0,3.4,2.0,0.6,6.0,10.1,4.1,0.211
Bruce Brown,3.5,2021-22,2.6,0.412,0.4,0.333,0.378,1.7,3.3,2.1,0.4,5.800000000000001,7.0,1.3,0.146
Bruno Fernando,0.4,2021-22,0.5,0.0,0.0,,0.333,0.1,1.4,0.4,0.1,1.9,1.8,0.1,0.197
Bryn Forbes,2.3,2021-22,2.7,0.328,2.4,0.38,0.416,3.6,0.4,1.2,1.7,3.3,7.2,3.9,0.201
Buddy Hield,5.2,2021-22,5.5,0.48,4.7,0.31,0.391,5.8,2.2,1.2,1.4,4.800000000000001,13.6,8.8,0.214
CJ Elleby,2.8,2021-22,2.9,0.425,0.6,0.0,0.312,2.2,2.0,0.8,0.4,3.1999999999999997,5.3,2.2,0.143
CJ McCollum,10.0,2021-22,11.2,0.339,9.8,0.35,0.436,3.6,2.8,4.1,4.4,11.3,18.8,7.6,0.269
CJ Miles,1.0,2021-22,0.0,0.0,0.0,,,0.0,,0.0,0.0,0.0,0.0,0.0,0.0
Cade Cunningham,10.5,2021-22,14.6,0.407,5.1,0.302,0.321,3.8,4.7,3.6,2.2,10.5,16.1,5.7,0.273
Caleb Martin,2.2,2021-22,3.1,0.308,1.0,0.429,0.398,2.1,2.9,0.7,0.7,4.3,6.8,2.6,0.158
Cam Reddish,1.8,2021-22,4.5,0.269,2.8,0.275,0.374,2.8,2.1,1.2,1.3,4.6,8.3,3.8,0.213
Cam Thomas,2.1,2021-22,4.4,0.3,4.2,0.253,0.293,1.5,1.0,1.8,2.3,5.1,7.5,2.6,0.212
Cameron Johnson,3.2,2021-22,3.0,0.399,1.1,0.292,0.422,5.6,1.5,1.2,0.6,3.3000000000000003,9.2,5.9,0.167
Cameron McGriff,2.0,2021-22,2.3,0.571,1.3,1.0,0.0,1.3,2.0,0.3,0.7,3.0,4.7,2.0,0.122
Cameron Oliver,1.5,2021-22,0.0,0.0,0.5,,0.333,1.5,4.5,1.0,0.5,6.0,7.5,1.5,0.167
Cameron Payne,8.9,2021-22,9.7,0.31,3.4,0.299,0.351,2.0,2.3,3.0,1.2,6.5,10.1,3.6,0.235
Caris LeVert,9.2,2021-22,14.9,0.384,6.6,0.262,0.4,1.9,3.7,4.9,1.7,10.3,14.7,4.4,0.252
Carlik Jones,1.4,2021-22,1.4,0.571,0.8,,0.0,0.2,1.0,0.0,0.8,1.8,1.8,0.2,0.22
Carmelo Anthony,1.6,2021-22,0.7,0.174,3.3,0.383,0.382,5.5,1.2,0.9,2.6,4.7,10.5,5.8,0.195
Carsen Edwards,4.3,2021-22,3.3,0.462,3.5,0.333,0.167,1.5,1.8,1.0,0.8,3.5999999999999996,7.5,4.0,0.179
Cassius Stanley,1.2,2021-22,3.0,0.222,0.7,0.0,0.267,1.7,1.8,1.2,0.2,3.2,5.1,1.9,0.148
Cassius Winston,2.6,2021-22,2.0,0.714,0.7,0.0,0.5,0.6,0.1,0.5,0.2,0.8,1.6,0.9,0.184
Cat Barber,1.7,2021-22,2.3,0.571,0.7,,,0.0,0.7,0.0,1.0,1.7,1.3,0.0,0.219
Cedi Osman,3.7,2021-22,3.5,0.436,1.6,0.4,0.348,4.3,2.2,0.8,0.3,3.3,8.7,5.4,0.206
Chandler Hutchison,0.7,2021-22,0.5,0.667,0.0,,,0.0,0.2,0.2,0.0,0.4,0.3,0.0,0.111
Charles Bassey,0.7,2021-22,0.0,1.0,0.1,0.0,0.286,0.3,1.3,0.5,0.1,1.9000000000000001,2.0,0.2,0.152
Charlie Brown Jr.,0.5,2021-22,0.3,0.0,0.1,,0.083,0.5,0.9,0.3,0.2,1.4,1.8,0.5,0.105
Chaundee Brown Jr.,1.4,2021-22,1.8,0.333,1.4,0.5,0.313,3.2,1.2,1.0,0.6,2.8000000000000003,6.4,3.6,0.146
Cheick Diallo,0.7,2021-22,0.7,0.0,0.0,,,0.0,2.0,0.7,0.0,2.7,2.7,0.0,0.145
Chimezie Metu,1.8,2021-22,3.1,0.282,1.1,0.222,0.318,2.9,2.1,1.6,0.7,4.4,7.5,3.1,0.184
Chris Boucher,0.8,2021-22,0.6,0.114,0.5,0.182,0.31,2.9,3.3,0.7,0.4,4.4,7.2,2.9,0.172
Chris Chiozza,3.8,2021-22,3.7,0.678,0.7,0.214,0.361,1.1,0.4,0.3,0.2,0.8999999999999999,2.4,1.6,0.132
Chris Duarte,3.9,2021-22,6.6,0.37,4.7,0.315,0.4,2.8,2.9,1.5,2.3,6.7,11.3,4.6,0.207
Chris Paul,19.6,2021-22,11.9,0.501,8.5,0.302,0.4,0.8,0.5,3.2,4.6,8.3,11.3,3.1,0.197
Chris Silva,1.2,2021-22,0.0,0.0,0.0,,0.0,0.1,1.3,0.5,0.1,1.9000000000000001,1.5,0.0,0.123
Christian Wood,4.5,2021-22,4.4,0.233,2.0,0.375,0.382,3.7,4.8,2.3,0.8,7.8999999999999995,12.9,4.9,0.233
Chuma Okeke,3.4,2021-22,3.1,0.47,1.6,0.262,0.327,4.5,1.5,0.9,0.6,3.0,8.2,5.3,0.159
Clint Capela,2.1,2021-22,0.2,0.059,0.0,,0.0,0.0,6.7,1.4,0.1,8.2,8.2,0.0,0.149
Coby White,4.7,2021-22,6.9,0.426,2.9,0.311,0.404,4.6,2.3,1.3,1.2,4.8,10.6,5.8,0.195
Cody Martin,4.2,2021-22,3.5,0.469,0.8,0.471,0.365,2.1,2.6,0.6,0.5,3.7,6.0,2.2,0.12
Cody Zeller,1.9,2021-22,0.7,0.278,0.0,0.0,0.571,0.3,2.4,0.7,0.0,3.0999999999999996,3.3,0.1,0.153
Cole Anthony,11.1,2021-22,11.3,0.434,5.5,0.288,0.357,3.5,2.8,3.0,2.3,8.1,14.0,6.0,0.245
Collin Sexton,5.9,2021-22,11.4,0.344,3.5,0.25,0.226,2.8,4.8,3.1,1.7,9.6,13.7,4.1,0.264
Corey Kispert,1.8,2021-22,1.4,0.385,0.8,0.167,0.354,3.9,1.4,0.7,0.4,2.4999999999999996,6.7,4.2,0.142
Cory Joseph,8.0,2021-22,6.8,0.526,1.8,0.314,0.444,1.9,1.8,1.1,0.9,3.8000000000000003,6.2,2.4,0.141
Craig Sword,1.3,2021-22,1.0,1.0,0.0,,0.0,0.3,1.0,0.0,0.0,1.0,1.3,0.3,0.125
D'Angelo Russell,12.6,2021-22,6.1,0.314,6.9,0.329,0.354,4.1,2.2,2.2,2.7,7.1000000000000005,15.0,8.0,0.246
D.J. Augustin,4.1,2021-22,3.4,0.611,1.3,0.302,0.49,1.9,0.6,0.3,0.2,1.0999999999999999,4.0,3.0,0.139
D.J. Wilson,2.0,2021-22,1.0,0.25,1.5,0.0,0.0,0.3,1.5,1.3,1.0,3.8,3.8,0.5,0.159
DaQuan Jeffries,1.0,2021-22,0.0,0.0,0.0,,0.0,0.3,0.5,0.0,0.0,0.5,0.7,0.3,0.091
Daishen Nix,3.1,2021-22,3.6,0.535,0.5,0.273,0.286,0.6,1.2,0.5,0.0,1.7,2.8,1.1,0.167
Dakota Mathias,0.6,2021-22,0.0,0.0,0.2,0.0,0.0,0.5,0.0,0.0,0.0,0.0,1.0,1.0,0.15
Dalano Banton,3.3,2021-22,2.5,0.506,0.8,0.385,0.2,0.6,1.3,0.7,0.4,2.4,3.2,0.8,0.159
Damian Jones,2.1,2021-22,0.7,0.211,0.2,0.0,0.483,1.0,2.8,0.9,0.6,4.3,4.8,0.5,0.163
Damian Lillard,13.3,2021-22,14.9,0.436,10.4,0.304,0.346,2.8,5.0,1.2,3.1,9.3,19.0,9.8,0.288
Damion Lee,2.2,2021-22,3.0,0.427,1.3,0.444,0.33,2.8,1.4,0.8,0.9,3.1,6.1,3.0,0.156
Damyean Dotson,0.5,2021-22,1.5,0.0,1.0,,0.0,0.5,0.5,0.5,0.5,1.5,2.0,0.5,0.089
Daniel Gafford,1.7,2021-22,0.3,0.182,0.0,,0.083,0.2,4.5,1.0,0.2,5.7,5.7,0.0,0.16
Daniel Oturu,0.3,2021-22,1.0,0.0,0.0,,0.0,0.3,1.3,0.5,0.0,1.8,2.0,0.3,0.125
Daniel Theis,2.1,2021-22,0.6,0.346,0.2,0.0,0.324,3.0,2.5,0.9,0.5,3.9,6.2,2.3,0.162
Danilo Gallinari,2.9,2021-22,2.5,0.333,2.9,0.192,0.419,3.9,1.2,1.1,2.3,4.6,9.0,4.5,0.182
Danny Green,1.7,2021-22,0.9,0.526,0.8,0.175,0.411,3.7,0.4,0.2,0.2,0.8,5.2,4.4,0.121
Danuel House Jr.,1.9,2021-22,2.2,0.441,0.8,0.316,0.388,2.3,1.2,0.4,0.3,1.9000000000000001,4.7,2.8,0.146
Darius Bazley,3.1,2021-22,5.4,0.3,0.7,0.206,0.311,3.4,3.6,1.7,0.2,5.5,9.4,3.9,0.18
Darius Garland,15.6,2021-22,17.5,0.485,7.8,0.405,0.384,3.1,3.9,3.5,3.2,10.600000000000001,17.3,6.7,0.272
Darren Collison,2.7,2021-22,1.0,1.0,0.7,,0.0,1.0,0.7,0.0,0.7,1.4,2.3,1.0,0.077
David Duke Jr.,1.6,2021-22,2.3,0.412,0.5,0.0,0.29,1.4,2.6,0.4,0.3,3.3,4.9,1.7,0.15
David Johnson,0.0,2021-22,0.0,0.0,0.0,,0.0,0.5,0.0,0.0,0.0,0.0,0.5,0.5,0.143
David Nwaba,1.4,2021-22,1.7,0.208,0.1,0.5,0.283,1.0,2.2,0.5,0.0,2.7,3.8,1.1,0.15
Davion Mitchell,7.8,2021-22,9.7,0.512,5.1,0.284,0.326,2.3,2.7,1.7,2.6,7.0,11.2,4.3,0.202
Davis Bertans,0.9,2021-22,0.9,0.571,0.5,0.348,0.34,3.8,0.4,0.3,0.1,0.7999999999999999,4.9,4.1,0.165
Davon Reed,2.1,2021-22,1.1,0.455,1.0,0.353,0.443,1.5,0.6,0.5,0.6,1.7000000000000002,3.4,1.8,0.117
Day'Ron Sharpe,1.3,2021-22,0.4,0.25,0.0,,0.333,0.3,3.9,0.6,0.1,4.6,4.7,0.2,0.205
De'Aaron Fox,10.9,2021-22,16.7,0.267,8.7,0.271,0.34,1.6,4.8,5.8,3.6,14.2,18.5,4.2,0.284
De'Andre Hunter,2.2,2021-22,5.6,0.217,2.8,0.278,0.385,3.8,2.8,2.2,2.1,7.1,10.8,3.7,0.194
De'Anthony Melton,4.8,2021-22,4.6,0.455,2.6,0.307,0.407,3.7,1.9,1.6,0.9,4.4,9.5,5.1,0.205
DeAndre Jordan,0.7,2021-22,0.0,0.0,0.0,,0.0,0.0,2.8,0.2,0.0,3.0,3.0,0.0,0.132
DeAndre' Bembry,1.9,2021-22,1.8,0.32,0.1,,0.375,0.7,2.7,0.6,0.0,3.3000000000000003,3.9,0.6,0.111
DeJon Jarreau,1.0,2021-22,1.0,1.0,0.0,,,0.0,0.0,0.0,,0.0,0.0,0.0,0.0
DeMar DeRozan,9.8,2021-22,15.0,0.357,12.2,0.304,0.381,2.5,3.9,4.7,9.8,18.4,20.2,1.9,0.308
DeMarcus Cousins,3.1,2021-22,2.0,0.234,0.2,0.167,0.295,2.5,3.0,1.0,0.2,4.2,6.8,2.5,0.267
Dean Wade,2.1,2021-22,1.2,0.5,0.4,0.25,0.369,2.8,0.9,0.3,0.3,1.5,4.3,2.8,0.107
Deandre Ayton,2.1,2021-22,0.5,0.111,0.5,0.0,0.537,2.6,4.8,4.9,2.0,11.7,12.0,0.3,0.217
Deividas Sirvydis,0.7,2021-22,0.3,0.0,0.3,0.0,0.167,2.0,0.7,0.3,0.0,1.0,3.3,2.3,0.149
Dejounte Murray,17.2,2021-22,17.9,0.451,8.4,0.28,0.354,2.6,4.5,4.7,4.7,13.899999999999999,18.3,4.3,0.268
Delon Wright,4.8,2021-22,3.6,0.548,0.7,0.382,0.381,1.1,1.1,0.6,0.2,1.9000000000000001,3.5,1.5,0.101
Deni Avdija,3.8,2021-22,3.9,0.321,0.7,0.333,0.32,2.9,2.1,1.4,0.4,3.9,7.1,3.2,0.158
Dennis Schroder,8.8,2021-22,10.7,0.399,3.9,0.323,0.335,2.9,2.7,2.4,2.4,7.5,11.3,3.9,0.223
Dennis Smith Jr.,8.0,2021-22,7.6,0.504,1.2,0.273,0.2,0.4,2.5,1.3,0.7,4.5,5.1,0.7,0.173
Denzel Valentine,1.5,2021-22,1.0,0.56,0.5,0.143,0.462,1.6,0.2,0.5,0.1,0.7999999999999999,2.8,2.0,0.15
Derrick Favors,1.2,2021-22,0.0,0.0,0.1,,0.434,2.1,1.8,1.1,1.4,4.300000000000001,4.7,0.4,0.131
Derrick Jones Jr.,1.2,2021-22,0.6,0.182,0.0,0.5,0.333,1.2,2.3,0.3,0.0,2.5999999999999996,3.8,1.2,0.119
Derrick Rose,7.8,2021-22,9.6,0.412,3.6,0.382,0.426,2.1,3.0,2.4,1.5,6.9,10.5,3.5,0.217
Derrick Walton Jr.,13.0,2021-22,14.7,0.614,2.7,0.0,0.3,3.3,1.3,1.3,1.7,4.3,8.7,4.3,0.142
Derrick White,8.7,2021-22,10.3,0.46,2.8,0.287,0.318,3.8,2.3,2.6,0.9,5.800000000000001,10.7,4.9,0.196
Desmond Bane,5.1,2021-22,5.3,0.314,6.0,0.431,0.436,4.1,2.7,2.5,2.4,7.6,14.5,6.9,0.226
Devin Booker,8.4,2021-22,9.7,0.324,11.8,0.357,0.435,3.6,2.9,4.2,6.9,14.0,20.9,7.0,0.313
Devin Cannady,3.0,2021-22,0.6,0.667,1.4,0.25,0.412,6.8,0.4,0.6,0.4,1.4,8.8,7.4,0.156
Devin Vassell,3.5,2021-22,4.4,0.371,3.3,0.22,0.384,5.0,1.6,1.8,2.1,5.5,10.8,5.4,0.184
Devon Dotson,2.4,2021-22,2.5,0.571,0.3,,0.222,0.8,1.1,0.1,0.2,1.4000000000000001,2.1,0.8,0.156
Devontae Cacok,0.8,2021-22,0.6,0.111,0.1,,,0.0,1.0,1.1,0.0,2.1,2.1,0.0,0.122
Devonte' Graham,7.7,2021-22,5.1,0.557,4.6,0.257,0.392,4.6,1.1,0.8,1.5,3.4000000000000004,10.7,7.4,0.191
Dewayne Dedmon,1.3,2021-22,0.2,0.143,0.1,0.0,0.391,1.0,2.4,0.9,0.4,3.6999999999999997,4.3,0.7,0.164
Didi Louzada,1.4,2021-22,2.1,0.684,0.6,0.667,0.421,2.1,0.3,0.6,0.3,1.2,3.7,2.6,0.13
Dillon Brooks,4.4,2021-22,8.8,0.179,7.2,0.288,0.353,2.7,4.3,4.5,3.1,11.9,16.4,4.7,0.283
Domantas Sabonis,9.4,2021-22,3.5,0.426,0.5,0.2,0.345,2.3,7.2,2.3,1.0,10.5,12.5,2.0,0.221
Donovan Mitchell,10.1,2021-22,15.2,0.323,9.5,0.356,0.349,3.6,4.1,4.4,2.3,10.8,20.5,9.8,0.322
Donte DiVincenzo,4.8,2021-22,4.6,0.567,1.9,0.278,0.36,3.9,1.5,0.8,0.4,2.6999999999999997,8.0,5.2,0.187
Dorian Finney-Smith,3.7,2021-22,3.2,0.523,0.7,0.286,0.4,5.2,2.3,0.7,0.2,3.2,8.7,5.4,0.138
Doug McDermott,2.2,2021-22,3.4,0.28,1.5,0.432,0.413,4.4,2.1,1.3,0.7,4.1000000000000005,9.1,5.0,0.178
Draymond Green,14.1,2021-22,2.8,0.417,0.3,0.0,0.339,1.3,2.3,1.9,0.3,4.499999999999999,5.6,1.2,0.14
Drew Eubanks,2.4,2021-22,0.5,0.417,0.3,,0.389,0.8,2.6,2.0,0.4,5.0,5.2,0.3,0.171
Duane Washington Jr.,2.9,2021-22,4.8,0.293,2.4,0.281,0.406,3.3,2.2,1.3,1.1,4.6,8.9,4.5,0.214
Duncan Robinson,3.2,2021-22,1.8,0.593,2.0,0.451,0.349,6.1,0.8,0.3,0.2,1.3,9.2,7.9,0.174
Dwight Howard,1.0,2021-22,0.1,0.0,0.1,0.5,0.4,0.3,2.8,0.5,0.1,3.4,3.7,0.3,0.145
Dwight Powell,1.9,2021-22,0.5,0.349,0.1,0.0,0.295,0.5,3.8,0.5,0.2,4.5,4.9,0.5,0.136
Dylan Windler,1.0,2021-22,0.9,0.6,0.1,0.25,0.318,1.3,0.5,0.1,0.0,0.6,2.0,1.4,0.115
Ed Davis,0.3,2021-22,0.0,0.0,0.0,,,0.0,0.5,0.1,0.0,0.6,0.5,0.0,0.062
Elfrid Payton,4.1,2021-22,4.6,0.388,0.6,0.333,0.176,0.3,1.3,1.6,0.4,3.3000000000000003,3.5,0.4,0.175
Elijah Hughes,1.7,2021-22,1.8,0.446,1.1,0.421,0.211,2.1,0.4,0.5,0.6,1.5,4.0,2.6,0.158
Emanuel Terry,1.0,2021-22,0.3,1.0,0.0,,,0.0,1.0,0.7,0.0,1.7,1.7,0.0,0.189
Emmanuel Mudiay,2.5,2021-22,2.5,0.6,1.0,,,0.0,0.0,0.5,0.5,1.0,1.0,0.0,0.192
Enes Freedom,0.5,2021-22,0.1,0.0,0.1,1.0,0.5,0.2,2.0,0.5,0.1,2.6,2.8,0.1,0.129
Eric Bledsoe,8.4,2021-22,9.4,0.469,2.7,0.158,0.385,1.9,2.5,1.7,1.5,5.7,8.7,3.0,0.198
Eric Gordon,5.7,2021-22,7.7,0.286,2.2,0.374,0.426,3.3,2.8,1.6,0.2,4.6000000000000005,9.9,5.3,0.182
Eric Paschall,1.3,2021-22,2.4,0.3,0.1,0.0,0.385,1.9,1.5,0.6,0.2,2.3000000000000003,4.1,1.9,0.174
Eugene Omoruyi,1.0,2021-22,0.5,0.5,0.5,,0.5,0.5,0.3,0.0,0.7,1.0,1.3,0.5,0.156
Evan Fournier,4.2,2021-22,5.0,0.401,4.7,0.349,0.401,5.0,1.3,1.6,1.4,4.300000000000001,12.1,7.7,0.201
Evan Mobley,5.3,2021-22,3.5,0.254,2.1,0.125,0.298,1.9,4.9,3.8,2.0,10.7,12.0,1.3,0.201
Facundo Campazzo,6.6,2021-22,3.8,0.648,1.3,0.266,0.32,2.0,0.9,0.5,0.2,1.5999999999999999,4.6,3.0,0.143
Feron Hunt,1.0,2021-22,0.0,0.0,0.0,,,0.0,1.0,0.0,0.0,1.0,1.0,0.0,0.136
Frank Jackson,1.9,2021-22,3.5,0.243,2.2,0.25,0.329,4.1,1.9,1.3,0.7,3.9000000000000004,9.1,5.3,0.203
Frank Kaminsky,3.3,2021-22,1.3,0.167,0.6,,0.333,2.0,3.0,2.6,0.1,5.699999999999999,7.3,1.7,0.185
Frank Ntilikina,2.3,2021-22,2.1,0.48,1.1,0.238,0.394,1.7,0.5,0.8,0.7,2.0,3.8,1.9,0.165
Franz Wagner,5.6,2021-22,9.1,0.241,2.0,0.324,0.366,2.2,5.1,3.4,0.5,9.0,12.3,3.4,0.208
Fred VanVleet,13.0,2021-22,13.0,0.577,8.8,0.331,0.433,4.7,2.0,2.1,2.9,7.0,16.9,9.9,0.233
Freddie Gillespie,1.6,2021-22,0.3,0.667,0.1,,0.333,0.3,0.9,1.2,0.2,2.3000000000000003,2.4,0.1,0.109
Furkan Korkmaz,3.4,2021-22,3.7,0.401,2.1,0.265,0.306,2.8,1.5,1.0,0.7,3.2,7.0,4.0,0.17
Gabe Vincent,6.1,2021-22,5.0,0.566,2.9,0.325,0.388,3.0,1.3,0.7,1.0,3.0,7.5,4.8,0.174
Gabe York,2.5,2021-22,1.0,0.5,0.5,0.0,0.2,2.5,0.0,0.5,0.0,0.5,3.5,3.0,0.179
Gabriel Deck,1.0,2021-22,1.0,0.571,0.4,,0.4,0.7,0.7,0.3,0.4,1.4,2.0,0.6,0.119
Gabriel Lundberg,5.0,2021-22,2.8,0.727,2.8,0.25,0.4,1.3,0.8,0.3,1.8,2.9000000000000004,4.8,2.0,0.191
Garrett Temple,2.4,2021-22,1.8,0.505,1.0,0.217,0.346,2.7,1.0,0.4,0.4,1.7999999999999998,5.0,3.1,0.136
Garrison Mathews,2.0,2021-22,1.2,0.481,0.9,0.327,0.37,5.1,0.8,0.2,0.1,1.1,7.1,5.9,0.137
Gary Clark,0.8,2021-22,0.5,0.474,0.2,0.5,0.368,1.5,0.3,0.2,0.1,0.6,2.3,1.8,0.11
Gary Harris,3.8,2021-22,3.7,0.393,2.2,0.222,0.421,4.1,1.9,1.0,1.3,4.2,9.1,5.0,0.16
Gary Payton II,2.2,2021-22,0.4,0.533,0.1,0.0,0.374,1.6,2.5,0.7,0.0,3.2,4.8,1.7,0.14
Gary Trent Jr.,3.9,2021-22,4.5,0.236,7.5,0.346,0.408,4.7,1.7,2.5,3.5,7.7,15.5,7.8,0.212
George Hill,4.0,2021-22,3.4,0.448,1.0,0.111,0.368,2.0,1.6,0.7,0.4,2.6999999999999997,5.1,2.5,0.115
George King,0.3,2021-22,0.3,0.0,0.0,,0.0,1.0,0.3,0.0,0.0,0.3,1.3,1.0,0.159
Georges Niang,2.6,2021-22,3.0,0.397,0.6,0.471,0.399,4.9,1.1,1.0,0.3,2.4,7.4,5.1,0.16
Georgios Kalaitzakis,1.6,2021-22,2.3,0.267,0.9,0.333,0.333,1.8,2.3,1.0,0.6,3.9,5.2,2.0,0.2
Giannis Antetokounmpo,11.4,2021-22,11.7,0.338,6.6,0.275,0.344,1.0,8.7,3.3,3.1,15.1,18.6,3.6,0.34
Goga Bitadze,1.8,2021-22,0.3,0.353,0.2,0.0,0.293,1.6,2.7,0.7,0.1,3.5000000000000004,5.0,1.6,0.191
Goran Dragic,6.8,2021-22,6.6,0.5,2.3,0.143,0.292,2.3,1.7,1.4,1.1,4.199999999999999,7.2,3.0,0.166
Gordon Hayward,6.8,2021-22,8.3,0.438,3.8,0.425,0.395,4.1,3.3,2.5,2.3,8.1,12.6,4.5,0.202
Gorgui Dieng,1.3,2021-22,0.5,0.5,0.6,0.615,0.381,1.4,0.4,0.2,0.5,1.1,2.5,1.5,0.164
Grant Williams,2.0,2021-22,1.6,0.43,0.4,0.389,0.415,3.1,1.3,0.7,0.2,2.2,5.6,3.4,0.123
Grayson Allen,3.3,2021-22,4.4,0.481,1.8,0.432,0.399,4.7,1.5,0.9,0.3,2.6999999999999997,8.6,5.9,0.148
Greg Brown III,1.2,2021-22,1.3,0.323,0.4,0.4,0.295,1.3,2.1,0.4,0.3,2.8,4.0,1.3,0.168
Greg Monroe,2.3,2021-22,0.4,0.167,0.1,,,0.0,3.0,0.9,0.2,4.1,4.1,0.0,0.164
Hamidou Diallo,2.8,2021-22,5.0,0.209,1.8,0.444,0.253,1.6,3.8,2.3,1.3,7.3999999999999995,9.1,1.6,0.213
Harrison Barnes,4.1,2021-22,8.1,0.364,1.8,0.317,0.421,3.5,3.4,2.3,0.5,6.199999999999999,10.8,4.7,0.184
Hassan Whiteside,0.7,2021-22,0.2,0.154,0.2,,0.4,0.2,3.3,1.6,0.2,5.1000000000000005,5.1,0.0,0.164
Hassani Gravett,5.8,2021-22,3.0,0.542,2.0,0.182,0.563,2.0,0.5,0.6,0.4,1.5,4.8,3.3,0.13
Haywood Highsmith,0.9,2021-22,0.4,0.375,0.2,0.0,0.407,1.4,0.6,0.2,0.2,1.0,2.4,1.5,0.131
Herbert Jones,3.9,2021-22,3.8,0.342,0.3,0.0,0.36,2.6,3.4,1.2,0.6,5.199999999999999,7.4,2.2,0.136
Ignas Brazdeikis,2.1,2021-22,3.5,0.493,0.6,0.267,0.319,1.7,1.6,0.7,0.2,2.5,4.5,2.1,0.172
Immanuel Quickley,6.4,2021-22,7.4,0.471,5.3,0.351,0.321,1.7,1.0,2.1,1.0,4.1,9.3,5.1,0.217
Isaac Bonga,0.3,2021-22,0.2,0.333,0.0,,0.2,0.3,0.4,0.2,0.1,0.7000000000000001,0.9,0.3,0.108
Isaac Okoro,3.6,2021-22,3.3,0.396,0.3,0.0,0.368,2.1,3.4,0.6,0.2,4.2,6.4,2.3,0.123
Isaiah Hartenstein,4.0,2021-22,1.1,0.286,0.3,0.4,0.576,0.9,3.0,1.9,0.1,5.0,5.4,0.4,0.177
Isaiah Jackson,0.7,2021-22,0.4,0.154,0.3,0.5,0.35,0.6,4.3,1.0,0.4,5.7,5.7,0.4,0.214
Isaiah Joe,1.1,2021-22,0.9,0.577,0.7,0.118,0.364,2.1,0.3,0.2,0.4,0.9,3.2,2.5,0.144
Isaiah Livers,2.4,2021-22,1.7,0.5,0.7,0.333,0.426,3.2,0.6,0.2,0.5,1.3,4.7,3.4,0.125
Isaiah Roby,2.9,2021-22,2.4,0.292,0.5,0.667,0.38,2.0,3.0,1.7,0.3,5.0,7.2,2.2,0.185
Isaiah Stewart,2.2,2021-22,0.3,0.261,0.1,0.5,0.328,0.9,4.8,1.0,0.4,6.2,6.9,0.6,0.144
Isaiah Thomas,2.5,2021-22,5.0,0.351,3.2,0.333,0.346,2.4,1.2,1.5,1.1,3.8000000000000003,7.6,3.8,0.245
Isaiah Todd,0.2,2021-22,0.6,0.0,0.2,,0.294,1.4,0.5,0.2,0.2,0.8999999999999999,2.2,1.3,0.188
Ish Smith,7.2,2021-22,8.4,0.601,3.9,0.293,0.448,0.4,1.5,1.6,2.5,5.6,6.6,1.0,0.195
Ish Wainright,0.8,2021-22,0.6,0.464,0.0,,0.306,1.4,0.8,0.3,0.0,1.1,2.3,1.3,0.134
Ivica Zubac,2.7,2021-22,0.2,0.176,0.1,,0.375,0.2,4.2,2.2,0.1,6.5,6.5,0.0,0.168
JT Thor,1.0,2021-22,0.7,0.25,0.2,0.0,0.308,0.8,0.5,0.2,0.2,0.8999999999999999,1.7,0.8,0.116
Ja Morant,12.7,2021-22,20.9,0.285,6.3,0.338,0.339,2.0,7.9,7.0,1.2,16.1,20.6,4.5,0.33
JaMychal Green,1.7,2021-22,0.3,0.471,0.1,0.0,0.309,2.1,2.3,0.5,0.3,3.0999999999999996,4.9,1.9,0.168
JaQuori McLaughlin,0.5,2021-22,0.3,1.0,0.5,0.0,,0.0,0.0,0.0,0.3,0.3,0.5,0.3,0.065
JaVale McGee,1.1,2021-22,0.7,0.073,0.4,0.5,0.261,0.3,3.9,1.8,0.3,6.0,6.2,0.1,0.214
Jabari Parker,0.7,2021-22,1.0,0.25,0.7,0.5,0.467,1.3,0.8,0.4,0.6,1.8000000000000003,3.2,1.3,0.191
Jaden McDaniels,2.3,2021-22,2.9,0.354,0.9,0.353,0.314,3.5,2.6,1.2,0.5,4.3,7.9,3.6,0.149
Jaden Springer,0.5,2021-22,0.5,1.0,0.0,,,0.0,0.0,0.5,0.0,0.5,0.5,0.0,0.118
Jae Crowder,3.2,2021-22,1.4,0.281,1.8,0.264,0.373,5.2,0.6,0.8,1.2,2.5999999999999996,8.1,5.4,0.146
Jae'Sean Tate,5.9,2021-22,5.2,0.364,0.3,0.4,0.309,2.3,4.8,1.8,0.1,6.699999999999999,9.3,2.6,0.194
Jahmi'us Ramsey,0.9,2021-22,2.0,0.263,0.6,0.5,0.294,0.9,1.2,0.6,0.6,2.4,3.1,0.9,0.208
Jaime Echenique,0.0,2021-22,0.0,0.0,0.0,,,0.0,0.0,0.0,0.0,0.0,0.0,0.0,0.0
Jake Layman,0.7,2021-22,0.6,0.364,0.3,0.0,0.242,1.0,0.7,0.2,0.2,1.0999999999999999,2.1,1.0,0.16
Jakob Poeltl,4.7,2021-22,1.0,0.354,0.4,1.0,0.523,1.3,5.2,4.1,0.4,9.700000000000001,9.8,0.0,0.182
Jalen Brunson,10.1,2021-22,13.6,0.417,5.2,0.313,0.416,2.3,2.6,4.0,3.0,9.6,12.8,3.2,0.215
Jalen Green,5.1,2021-22,8.8,0.337,4.7,0.342,0.352,3.8,4.6,1.2,1.6,7.4,14.2,6.8,0.234
Jalen Johnson,0.6,2021-22,0.9,0.368,0.3,0.0,0.25,0.5,1.0,0.2,0.2,1.4,1.9,0.6,0.183
Jalen McDaniels,2.0,2021-22,3.1,0.377,0.3,0.333,0.37,2.0,1.6,0.9,0.3,2.8,4.6,2.0,0.152
Jalen Smith,1.0,2021-22,0.8,0.179,0.3,0.0,0.362,2.8,2.5,1.4,0.7,4.6,6.9,2.4,0.193
Jalen Suggs,8.2,2021-22,9.0,0.363,3.5,0.19,0.227,2.3,4.0,2.1,1.3,7.3999999999999995,11.4,4.1,0.244
James Bouknight,1.5,2021-22,2.7,0.321,1.1,0.364,0.333,0.9,2.1,1.0,0.3,3.4,4.5,1.6,0.226
James Ennis III,0.9,2021-22,1.3,0.222,0.1,,0.375,1.1,2.1,0.0,0.1,2.2,3.4,1.1,0.206
James Harden,18.4,2021-22,16.0,0.413,7.4,0.332,0.338,1.0,4.3,3.3,0.8,8.4,15.3,6.9,0.266
James Johnson,3.6,2021-22,2.9,0.317,0.6,0.167,0.29,1.1,2.7,0.7,0.2,3.6000000000000005,5.0,1.4,0.136
Jamorko Pickett,1.0,2021-22,0.4,0.4,0.5,1.0,0.324,2.6,0.2,0.6,0.1,0.9,3.8,3.0,0.133
Jared Butler,2.6,2021-22,2.6,0.491,1.7,0.309,0.382,0.8,0.4,0.9,0.4,1.7000000000000002,3.6,2.1,0.221
Jared Harper,5.0,2021-22,3.2,0.375,2.2,0.5,0.375,1.6,1.0,0.8,1.3,3.1,5.2,2.4,0.287
Jaren Jackson Jr.,2.1,2021-22,5.6,0.1,0.7,0.25,0.339,5.1,3.8,4.1,0.3,8.2,13.3,5.1,0.248
Jarred Vanderbilt,2.5,2021-22,0.6,0.5,0.0,0.0,0.118,0.2,3.9,0.8,0.1,4.8,4.9,0.2,0.108
Jarrett Allen,3.3,2021-22,1.1,0.274,0.1,0.5,0.378,0.7,6.7,2.3,0.5,9.5,9.7,0.2,0.177
Jarrett Culver,1.9,2021-22,2.4,0.365,1.0,0.25,0.267,0.8,1.1,0.7,0.6,2.4,3.6,1.3,0.199
Jarron Cumberland,0.7,2021-22,0.0,0.0,0.0,,0.0,0.3,0.3,0.0,0.0,0.3,0.7,0.3,0.061
Javin DeLaurier,0.0,2021-22,0.0,0.0,0.0,,,0.0,0.0,0.0,0.0,0.0,0.0,0.0,0.0
Javonte Green,1.7,2021-22,1.2,0.16,0.2,0.5,0.337,1.6,2.8,0.6,0.1,3.5,5.0,1.6,0.113
Javonte Smart,1.9,2021-22,1.9,0.424,1.3,0.2,0.353,1.0,0.9,0.9,0.3,2.1,3.5,1.6,0.154
Jaxson Hayes,1.4,2021-22,0.8,0.218,0.2,0.2,0.348,1.0,3.3,1.3,0.3,4.8999999999999995,5.7,0.8,0.159
Jay Huff,2.0,2021-22,0.3,0.0,0.0,,0.0,0.5,0.0,0.3,0.0,0.3,0.8,0.5,0.083
Jay Scrubb,0.8,2021-22,1.1,0.389,0.7,0.4,0.235,0.9,0.6,0.4,0.4,1.4,2.6,1.2,0.188
Jaylen Brown,6.4,2021-22,11.1,0.396,5.6,0.348,0.386,4.8,4.9,3.8,2.8,11.5,18.4,7.0,0.298
Jaylen Hoard,5.6,2021-22,6.9,0.375,1.4,0.25,0.35,2.9,5.1,3.6,0.7,9.399999999999999,12.9,3.6,0.184
Jaylen Morris,1.3,2021-22,2.0,0.333,0.3,0.0,0.0,0.3,1.0,0.3,0.0,1.3,2.0,0.7,0.231
Jaylen Nowell,3.5,2021-22,4.4,0.301,2.0,0.413,0.385,1.9,1.7,1.6,0.9,4.2,6.7,2.6,0.205
Jaysean Paige,1.0,2021-22,1.0,1.0,1.0,,0.0,2.0,0.0,0.0,1.0,1.0,3.0,2.0,0.211
Jayson Tatum,8.7,2021-22,11.4,0.321,8.2,0.334,0.382,3.8,5.6,3.0,3.4,12.0,20.6,8.6,0.313
Jeff Dowtin,2.4,2021-22,2.4,0.636,1.0,0.0,0.125,0.9,0.6,0.7,0.7,1.9999999999999998,2.9,1.0,0.119
Jeff Green,2.3,2021-22,1.5,0.171,0.7,0.333,0.324,2.3,2.9,1.3,0.6,4.8,7.1,2.2,0.16
Jemerrio Jones,0.5,2021-22,0.0,0.0,0.0,,,0.0,1.0,0.5,0.0,1.5,1.5,0.0,0.083
Jerami Grant,5.3,2021-22,8.3,0.332,4.2,0.3,0.374,5.5,3.7,2.0,3.8,9.5,14.9,5.4,0.253
Jeremiah Robinson-Earl,2.3,2021-22,0.7,0.406,0.2,0.0,0.337,3.9,2.0,0.7,0.6,3.3000000000000003,6.6,3.4,0.152
Jeremy Lamb,2.7,2021-22,4.1,0.352,2.4,0.327,0.345,2.0,0.7,1.5,1.0,3.2,6.2,3.0,0.189
Jericho Sims,0.9,2021-22,0.0,0.0,0.0,,0.0,0.0,1.2,0.1,0.0,1.3,1.3,0.0,0.068
Jevon Carter,2.2,2021-22,1.2,0.634,1.7,0.453,0.361,1.8,0.2,0.2,0.8,1.2000000000000002,3.8,2.6,0.135
Jimmy Butler,10.7,2021-22,13.4,0.446,4.4,0.19,0.314,1.5,5.4,3.7,3.4,12.500000000000002,14.5,2.0,0.26
Jock Landale,1.4,2021-22,0.1,0.5,0.1,0.333,0.319,1.7,1.6,0.4,0.2,2.2,3.8,1.6,0.172
Joe Harris,2.1,2021-22,4.0,0.375,1.1,0.429,0.463,5.9,1.2,0.9,0.4,2.5,8.9,6.3,0.146
Joe Ingles,6.9,2021-22,3.8,0.571,1.8,0.297,0.358,3.3,0.6,0.7,0.1,1.4,6.3,5.0,0.129
Joe Johnson,0.0,2021-22,1.0,1.0,1.0,,,0.0,,0.0,1.0,1.0,1.0,0.0,0.2
Joe Wieskamp,0.7,2021-22,0.3,0.556,0.5,0.273,0.343,1.2,0.1,0.1,0.2,0.4,1.9,1.5,0.129
Joel Ayayi,1.1,2021-22,0.6,0.25,0.7,0.0,,0.0,0.2,0.6,0.3,1.1,0.9,0.1,0.133
Joel Embiid,7.0,2021-22,5.3,0.179,7.3,0.356,0.415,3.5,5.7,4.5,5.8,16.0,19.6,3.7,0.375
John Collins,2.6,2021-22,2.2,0.308,1.0,0.333,0.383,4.1,4.6,2.2,1.8,8.6,11.9,3.3,0.202
John Konchar,3.4,2021-22,1.2,0.54,0.5,0.364,0.432,1.6,1.3,0.4,0.3,2.0,3.6,1.8,0.097
Jon Teske,0.0,2021-22,0.0,0.0,0.0,,0.0,0.3,0.0,0.0,0.3,0.3,0.3,0.0,0.1
Jonas Valanciunas,4.4,2021-22,1.3,0.247,0.9,,0.435,3.1,5.0,4.0,1.5,10.5,12.7,2.1,0.238
Jonathan Kuminga,2.0,2021-22,3.0,0.274,0.5,0.188,0.362,1.9,2.9,1.4,0.3,4.6,6.6,2.1,0.227
Jordan Bell,0.0,2021-22,0.0,0.0,0.0,,,0.0,0.0,0.0,0.0,0.0,0.0,0.0,0.0
Jordan Clarkson,4.3,2021-22,10.1,0.34,5.0,0.332,0.314,3.9,2.1,3.6,0.8,6.5,14.1,7.6,0.258
Jordan Goodwin,0.0,2021-22,1.0,0.5,0.5,,0.0,0.5,0.5,0.0,0.5,1.0,1.5,0.5,0.25
Jordan McLaughlin,5.5,2021-22,2.8,0.532,0.6,0.292,0.328,1.0,1.1,0.7,0.1,1.9000000000000001,3.2,1.4,0.115
Jordan Nwora,1.8,2021-22,2.8,0.291,2.5,0.355,0.331,2.7,1.7,0.8,1.3,3.8,7.5,3.7,0.187
Jordan Poole,7.3,2021-22,8.2,0.391,4.7,0.342,0.38,4.6,2.8,2.1,1.4,6.300000000000001,13.9,7.6,0.252
Jordan Schakel,0.3,2021-22,0.5,0.5,0.3,,0.167,1.5,0.3,0.8,0.3,1.4000000000000001,2.8,1.5,0.191
Jose Alvarado,5.5,2021-22,5.3,0.471,1.3,0.091,0.349,1.6,1.5,1.4,0.5,3.4,5.4,2.0,0.174
Josh Christopher,3.8,2021-22,4.6,0.35,1.8,0.279,0.315,1.7,2.4,1.5,0.4,4.3,6.8,2.6,0.205
Josh Giddey,11.6,2021-22,11.9,0.497,3.3,0.327,0.276,3.1,3.4,3.9,1.2,8.5,12.4,3.9,0.218
Josh Green,2.2,2021-22,2.3,0.51,0.6,0.333,0.36,1.1,1.5,0.7,0.4,2.6,3.8,1.2,0.13
Josh Hart,8.5,2021-22,6.7,0.423,2.4,0.375,0.336,2.6,4.6,1.2,0.8,6.6,10.5,3.9,0.184
Josh Jackson,2.6,2021-22,2.4,0.377,1.3,0.238,0.267,2.1,1.7,0.8,0.9,3.4,5.9,2.5,0.196
Josh Okogie,1.0,2021-22,1.1,0.385,0.0,1.0,0.277,1.0,1.1,0.1,0.0,1.2000000000000002,2.1,1.0,0.115
Josh Richardson,3.6,2021-22,4.8,0.405,2.1,0.4,0.424,3.8,1.2,1.7,1.5,4.4,8.2,3.8,0.171
Joshua Primo,3.5,2021-22,3.9,0.503,0.9,0.313,0.298,2.5,1.3,1.0,0.5,2.8,5.4,2.7,0.152
Jrue Holiday,13.5,2021-22,13.0,0.439,6.2,0.406,0.429,1.5,3.9,3.4,2.2,9.5,14.2,4.8,0.231
Juan Toscano-Anderson,3.7,2021-22,2.1,0.483,0.2,0.385,0.292,1.0,1.5,0.6,0.1,2.2,3.2,1.2,0.144
Juancho Hernangomez,1.3,2021-22,0.8,0.531,0.0,0.0,0.353,1.7,0.8,0.2,0.0,1.0,2.7,1.7,0.133
Julius Randle,10.3,2021-22,9.0,0.419,6.9,0.333,0.3,3.6,4.9,2.8,4.2,11.9,17.3,5.4,0.279
Justin Anderson,2.9,2021-22,2.1,0.485,1.3,0.5,0.231,3.3,1.1,0.5,0.8,2.4000000000000004,5.9,3.7,0.149
Justin Champagnie,0.6,2021-22,0.2,0.25,0.0,,0.379,0.8,0.9,0.2,0.0,1.1,1.9,0.8,0.111
Justin Holiday,2.9,2021-22,1.9,0.603,2.1,0.36,0.365,5.5,1.2,0.3,1.0,2.5,8.9,6.5,0.156
Justin Jackson,0.5,2021-22,0.7,0.25,0.7,,0.2,0.7,0.0,0.6,0.3,0.8999999999999999,2.1,1.3,0.177
Justin Robinson,2.8,2021-22,1.8,0.568,1.2,0.25,0.292,1.9,0.3,0.4,0.6,1.2999999999999998,3.7,2.4,0.153
Justise Winslow,2.8,2021-22,2.4,0.469,0.6,0.333,0.264,1.5,2.1,1.4,0.4,3.9,5.4,1.4,0.178
Jusuf Nurkic,5.4,2021-22,0.8,0.109,0.3,0.5,0.25,1.3,6.6,2.6,0.5,9.7,10.7,1.0,0.233
Juwan Morgan,0.5,2021-22,0.0,0.0,0.0,,0.5,1.0,0.5,0.0,0.0,0.5,1.5,1.0,0.04
KZ Okpala,1.6,2021-22,1.4,0.655,0.1,0.0,0.346,1.2,1.3,0.7,0.2,2.2,3.3,1.2,0.141
Kai Jones,0.3,2021-22,0.4,0.143,0.1,,0.333,0.1,0.4,0.2,0.1,0.7000000000000001,0.7,0.1,0.15
Karl-Anthony Towns,7.0,2021-22,7.9,0.246,1.7,0.455,0.402,4.4,6.2,3.6,1.6,11.4,16.4,4.9,0.272
Keifer Sykes,4.1,2021-22,3.4,0.463,2.5,0.179,0.344,2.0,1.3,0.6,1.5,3.4,5.9,2.8,0.174
Keita Bates-Diop,1.3,2021-22,1.3,0.228,0.3,0.2,0.349,1.1,2.6,0.7,0.3,3.5999999999999996,4.5,0.9,0.144
Kelan Martin,1.5,2021-22,2.4,0.361,1.9,0.133,0.333,2.0,1.5,0.7,1.1,3.3000000000000003,5.7,2.5,0.18
Keldon Johnson,3.9,2021-22,8.0,0.262,1.7,0.216,0.422,4.8,3.8,3.5,0.9,8.2,13.5,5.3,0.21
Keljin Blevins,1.3,2021-22,1.1,0.429,0.9,0.278,0.302,1.7,0.8,0.2,0.3,1.3,3.6,2.3,0.161
Kelly Olynyk,5.3,2021-22,2.6,0.495,1.5,0.257,0.387,2.3,2.6,0.8,0.8,4.2,7.2,3.0,0.207
Kelly Oubre Jr.,1.9,2021-22,3.6,0.196,2.3,0.345,0.353,5.6,3.2,1.3,0.5,5.0,12.3,7.3,0.223
Kemba Walker,6.5,2021-22,7.4,0.465,5.5,0.348,0.403,1.9,1.8,1.4,1.5,4.7,10.0,5.4,0.202
Kenrich Williams,4.2,2021-22,4.1,0.532,1.5,0.333,0.35,2.0,2.0,1.2,0.8,4.0,6.5,2.5,0.153
Kent Bazemore,1.5,2021-22,1.0,0.421,0.9,0.471,0.333,1.7,0.7,0.4,0.5,1.6,3.6,2.1,0.128
Kentavious Caldwell-Pope,3.6,2021-22,3.5,0.346,3.9,0.312,0.426,4.5,1.5,1.3,2.7,5.5,10.8,5.3,0.185
Kenyon Martin Jr.,2.5,2021-22,2.4,0.368,0.1,0.4,0.358,2.1,3.7,0.8,0.0,4.5,6.6,2.1,0.158
Keon Johnson,3.9,2021-22,5.1,0.35,2.4,0.405,0.288,1.6,2.5,1.3,0.9,4.7,7.4,2.7,0.207
Kessler Edwards,1.1,2021-22,0.8,0.27,0.6,0.0,0.357,3.0,1.6,0.6,0.6,2.8000000000000003,5.6,2.8,0.132
Kevin Durant,10.8,2021-22,9.8,0.305,11.4,0.403,0.475,4.4,2.4,5.0,7.4,14.8,20.3,5.5,0.31
Kevin Huerter,4.7,2021-22,4.2,0.301,3.4,0.299,0.425,4.3,1.4,2.0,1.4,4.8,10.3,5.6,0.169
Kevin Knox II,0.7,2021-22,0.7,0.318,0.4,0.167,0.28,1.7,0.5,0.3,0.3,1.1,2.8,1.8,0.187
Kevin Love,3.4,2021-22,0.8,0.242,1.9,0.367,0.39,5.9,1.3,1.0,1.5,3.8,10.3,6.4,0.239
Kevin Pangos,2.5,2021-22,2.1,0.549,0.7,0.4,0.133,0.6,0.2,0.5,0.1,0.7999999999999999,1.9,1.1,0.143
Kevin Porter Jr.,10.8,2021-22,9.4,0.427,6.5,0.332,0.483,1.9,3.3,1.8,1.3,6.3999999999999995,13.2,6.8,0.239
Kevon Looney,3.6,2021-22,0.7,0.298,0.3,,0.265,0.4,3.1,0.7,0.6,4.3999999999999995,4.4,0.0,0.12
Khem Birch,2.2,2021-22,0.4,0.333,0.2,,0.326,0.8,1.6,1.6,0.2,3.4000000000000004,3.6,0.3,0.108
Khris Middleton,10.0,2021-22,8.0,0.441,8.0,0.361,0.388,3.7,2.0,2.7,4.2,8.9,15.5,6.6,0.255
Killian Hayes,8.5,2021-22,6.4,0.513,2.1,0.125,0.309,2.1,1.6,1.8,1.0,4.4,7.0,2.5,0.154
Killian Tillie,0.9,2021-22,1.1,0.375,0.2,0.25,0.313,2.2,0.6,0.3,0.3,1.2,3.5,2.4,0.128
Kira Lewis Jr.,4.3,2021-22,4.5,0.389,2.0,0.19,0.243,1.5,1.8,1.2,0.8,3.8,6.1,2.4,0.209
Klay Thompson,4.1,2021-22,5.8,0.411,7.3,0.452,0.363,7.5,1.6,2.6,4.5,8.7,17.9,9.3,0.284
Kris Dunn,10.6,2021-22,9.0,0.46,2.1,0.0,0.125,0.6,2.4,3.1,0.9,6.4,7.3,0.8,0.176
Kristaps Porzingis,3.4,2021-22,2.7,0.261,2.8,0.118,0.333,5.8,3.7,3.2,3.2,10.100000000000001,15.0,4.9,0.286
Kyle Anderson,4.7,2021-22,3.8,0.297,1.4,0.231,0.333,1.5,2.2,2.4,0.7,5.3,6.8,1.6,0.156
Kyle Guy,2.1,2021-22,2.3,0.386,0.9,0.2,0.4,1.6,0.6,0.5,0.4,1.5,3.4,2.1,0.182
Kyle Kuzma,6.3,2021-22,8.2,0.331,3.8,0.274,0.35,4.6,3.2,3.4,1.9,8.5,14.2,5.7,0.238
Kyle Lowry,14.1,2021-22,7.2,0.562,4.7,0.381,0.364,3.1,1.6,0.9,1.4,3.9,10.0,6.1,0.178
Kyrie Irving,11.2,2021-22,11.9,0.243,10.9,0.435,0.408,4.1,2.8,4.8,5.4,13.0,21.2,8.2,0.283
LaMarcus Aldridge,2.0,2021-22,0.3,0.188,2.0,0.0,0.515,4.3,2.2,2.1,4.4,8.700000000000001,9.7,1.0,0.219
LaMelo Ball,13.4,2021-22,13.8,0.422,6.3,0.341,0.422,4.4,4.2,3.2,1.8,9.200000000000001,16.7,7.5,0.271
Lamar Stevens,1.7,2021-22,2.4,0.243,1.1,0.0,0.301,1.2,2.2,1.1,0.8,4.1000000000000005,5.1,1.0,0.169
Lance Stephenson,6.0,2021-22,5.3,0.309,3.1,0.333,0.298,1.2,2.1,0.8,2.2,5.1000000000000005,7.0,2.0,0.219
Landry Shamet,3.0,2021-22,2.6,0.461,1.8,0.277,0.396,4.0,0.8,0.7,0.7,2.2,7.0,4.8,0.16
Langston Galloway,2.0,2021-22,1.1,0.625,1.0,1.0,0.067,2.1,0.4,0.4,0.6,1.4,3.7,2.3,0.118
Larry Nance Jr.,3.7,2021-22,0.7,0.219,0.2,0.0,0.346,1.7,2.6,1.0,0.3,3.9,5.4,1.5,0.128
Lauri Markkanen,2.2,2021-22,2.3,0.296,1.0,0.0,0.374,6.2,3.0,1.6,0.7,5.3,11.5,6.2,0.192
LeBron James,12.4,2021-22,8.7,0.357,7.1,0.336,0.37,3.8,8.6,1.9,3.3,13.8,21.8,8.0,0.317
Leandro Bolmaro,1.7,2021-22,1.4,0.62,0.3,0.333,0.235,0.5,0.6,0.3,0.3,1.2,1.5,0.5,0.122
Lindell Wigginton,1.4,2021-22,2.4,0.413,0.4,0.286,0.368,1.0,1.6,0.7,0.1,2.4,3.2,1.4,0.183
Lindy Waters III,2.2,2021-22,1.0,0.52,1.3,0.448,0.353,4.6,0.6,0.4,0.2,1.2,7.0,5.8,0.166
Lonnie Walker IV,3.8,2021-22,5.8,0.429,3.9,0.262,0.333,4.0,2.3,1.2,2.4,5.9,10.9,5.0,0.232
Lonzo Ball,9.8,2021-22,4.1,0.486,3.1,0.413,0.422,5.7,1.7,0.8,1.0,3.5,10.9,7.4,0.17
Lou Williams,3.6,2021-22,4.9,0.406,3.2,0.354,0.436,1.0,0.7,1.5,1.7,3.9000000000000004,5.7,1.8,0.215
Louis King,1.7,2021-22,1.4,0.286,2.2,0.375,0.25,2.0,0.2,0.8,1.2,2.2,4.7,2.7,0.195
Luguentz Dort,4.2,2021-22,10.5,0.442,2.7,0.396,0.31,5.8,3.5,2.4,0.7,6.6000000000000005,14.2,7.7,0.228
Luka Doncic,17.0,2021-22,22.2,0.432,12.9,0.358,0.309,1.0,3.4,6.1,3.3,12.8,21.6,8.8,0.368
Luka Garza,1.3,2021-22,0.4,0.308,0.3,0.0,0.309,1.7,1.8,0.6,0.7,3.0999999999999996,4.6,1.5,0.195
Luke Kennard,3.7,2021-22,2.6,0.435,3.1,0.396,0.455,4.9,0.7,1.0,1.3,3.0,9.1,6.0,0.16
Luke Kornet,1.1,2021-22,0.0,0.0,0.0,,0.0,0.4,1.2,0.3,0.1,1.6,1.8,0.3,0.112
M.J. Walker,0.5,2021-22,1.5,0.667,0.5,,0.0,1.0,1.0,0.5,0.0,1.5,2.0,1.0,0.138
Mac McClung,3.0,2021-22,3.0,0.667,1.0,0.0,0.5,1.0,1.0,0.0,0.5,1.5,3.0,1.5,0.164
Malachi Flynn,3.8,2021-22,2.9,0.543,1.8,0.206,0.389,1.2,0.7,0.6,0.9,2.1999999999999997,4.2,2.0,0.157
Malcolm Brogdon,11.9,2021-22,18.3,0.489,5.4,0.298,0.33,2.5,5.6,2.0,2.4,10.0,15.1,5.2,0.241
Malcolm Hill,0.9,2021-22,0.3,0.6,0.3,0.5,0.382,1.8,0.3,0.4,0.3,1.0,2.7,1.9,0.118
Malik Beasley,2.6,2021-22,2.0,0.41,2.4,0.355,0.386,6.7,1.1,0.7,0.9,2.7,10.8,8.1,0.189
Malik Fitts,0.7,2021-22,0.7,0.4,0.1,,0.5,0.7,0.4,0.2,0.1,0.7000000000000001,1.3,0.7,0.139
Malik Monk,5.6,2021-22,7.0,0.566,3.2,0.345,0.419,3.6,3.1,1.3,0.7,5.1000000000000005,10.9,5.8,0.195
Malik Newman,2.0,2021-22,4.0,0.25,4.0,0.0,,0.0,1.0,0.0,3.0,4.0,5.0,1.0,0.438
Mamadi Diakite,0.4,2021-22,0.1,0.0,0.1,,0.143,0.5,1.8,1.2,0.2,3.2,3.6,0.4,0.136
Marcus Garrett,0.8,2021-22,1.2,0.357,0.3,,0.25,0.3,1.1,0.3,0.2,1.6,1.8,0.3,0.086
Marcus Morris Sr.,3.6,2021-22,3.7,0.244,6.1,0.277,0.39,4.3,0.8,2.6,4.3,7.7,12.8,5.1,0.228
Marcus Smart,10.2,2021-22,8.7,0.457,1.5,0.22,0.352,4.1,2.1,2.4,0.6,5.1,10.1,5.1,0.179
Markelle Fultz,10.8,2021-22,10.5,0.407,4.5,0.286,0.2,0.6,3.2,2.4,3.1,8.7,9.7,0.9,0.265
Markieff Morris,2.2,2021-22,0.8,0.214,1.5,0.0,0.4,2.9,1.3,1.1,2.1,4.5,6.7,2.3,0.197
Marko Simonovic,0.3,2021-22,0.2,0.0,0.0,,0.2,0.6,0.8,0.3,0.3,1.4000000000000001,1.7,0.6,0.247
Markus Howard,0.5,2021-22,0.9,0.286,1.5,0.316,0.515,1.1,0.5,0.3,0.5,1.3,3.3,2.3,0.264
Marquese Chriss,0.8,2021-22,0.4,0.2,0.1,0.25,0.375,0.7,2.5,0.6,0.1,3.2,3.9,0.7,0.205
Marvin Bagley III,1.1,2021-22,2.4,0.181,0.5,0.25,0.287,2.3,3.9,2.8,0.7,7.3999999999999995,9.3,2.0,0.191
Mason Jones,1.8,2021-22,2.3,0.333,1.3,0.333,0.0,0.3,2.0,0.5,0.3,2.8,3.8,1.0,0.18
Mason Plumlee,5.5,2021-22,1.4,0.44,0.2,0.0,0.167,0.1,3.5,0.8,0.1,4.3999999999999995,4.4,0.0,0.117
Matisse Thybulle,1.9,2021-22,0.8,0.481,0.2,0.5,0.299,2.0,2.0,0.3,0.1,2.4,4.5,2.2,0.095
Matt Mooney,0.0,2021-22,0.0,0.0,0.0,,0.0,1.0,0.0,0.0,,0.0,1.0,1.0,0.4
Matt Ryan,1.0,2021-22,1.0,1.0,0.0,,0.2,5.0,0.0,0.0,0.0,0.0,5.0,5.0,0.357
Matt Thomas,1.0,2021-22,0.4,0.588,1.5,0.4,0.357,1.8,0.0,0.2,0.9,1.1,3.4,2.3,0.137
Maurice Harkless,1.0,2021-22,1.1,0.365,0.2,0.143,0.303,1.9,1.3,0.3,0.1,1.7000000000000002,3.9,2.1,0.112
Max Strus,2.2,2021-22,1.6,0.441,1.3,0.384,0.411,5.4,1.3,0.3,0.2,1.8,8.3,6.5,0.177
Maxi Kleber,2.8,2021-22,1.2,0.556,0.5,0.2,0.332,4.2,1.1,0.3,0.3,1.7000000000000002,6.0,4.3,0.131
McKinley Wright IV,0.4,2021-22,0.8,0.5,0.4,0.5,,0.0,0.0,0.2,0.0,0.2,0.6,0.4,0.082
Melvin Frazier Jr.,2.7,2021-22,11.0,0.273,0.3,0.0,0.05,6.7,6.3,2.7,0.3,9.3,16.0,7.0,0.191
Micah Potter,0.7,2021-22,0.0,0.0,0.0,,0.0,1.0,2.3,0.3,0.3,2.8999999999999995,3.7,0.7,0.148
Michael Porter Jr.,3.3,2021-22,2.4,0.364,3.9,0.25,0.257,3.9,2.6,1.1,2.4,6.1,11.4,5.3,0.192
Mikal Bridges,4.4,2021-22,4.4,0.342,2.5,0.31,0.382,3.7,2.8,2.5,1.3,6.6,10.5,3.8,0.149
Mike Conley,10.7,2021-22,12.1,0.497,5.4,0.409,0.414,1.8,1.3,3.3,0.6,5.199999999999999,11.0,5.8,0.202
Mike Muscala,1.0,2021-22,0.1,0.0,0.2,0.5,0.409,4.3,0.9,0.4,0.7,2.0,5.8,3.8,0.198
Miles Bridges,7.1,2021-22,10.9,0.341,3.0,0.28,0.36,3.7,6.3,2.3,0.8,9.4,15.2,5.8,0.224
Miles McBride,1.5,2021-22,1.0,0.526,1.1,0.233,0.27,0.9,0.4,0.3,0.5,1.2,2.7,1.7,0.137
Mitchell Robinson,0.9,2021-22,0.0,0.0,0.0,,,0.0,4.6,0.2,0.0,4.8,4.8,0.0,0.11
Miye Oni,0.4,2021-22,0.1,1.0,0.1,0.0,0.143,0.4,0.1,0.0,0.0,0.1,0.6,0.5,0.095
Mo Bamba,2.0,2021-22,0.5,0.205,0.6,0.1,0.393,4.2,2.9,0.9,0.9,4.7,8.7,4.0,0.17
Monte Morris,7.7,2021-22,4.1,0.387,3.9,0.324,0.425,3.5,2.1,1.4,2.6,6.1,10.3,4.2,0.173
Montrezl Harrell,2.8,2021-22,0.7,0.08,0.7,0.286,0.333,0.4,5.5,1.4,0.7,7.6000000000000005,7.8,0.2,0.198
Moritz Wagner,2.5,2021-22,1.8,0.252,0.1,0.143,0.333,3.1,2.5,0.5,0.1,3.1,6.3,3.2,0.224
Moses Brown,0.2,2021-22,0.1,0.0,0.0,,,0.0,2.3,0.4,0.1,2.8,2.7,0.0,0.199
Moses Moody,1.0,2021-22,1.4,0.377,0.5,0.4,0.366,1.9,0.9,0.3,0.3,1.5,3.5,2.1,0.148
Moses Wright,0.5,2021-22,0.0,0.0,0.3,,0.0,0.3,0.3,0.3,0.3,0.8999999999999999,1.0,0.3,0.139
Mychal Mulder,1.4,2021-22,0.9,0.133,0.6,0.333,0.319,2.8,0.7,0.4,0.3,1.4000000000000001,4.5,3.2,0.153
Myles Powell,1.0,2021-22,1.5,0.471,0.6,0.2,0.0,0.1,0.5,0.3,0.2,1.0,1.5,0.5,0.163
Myles Turner,1.4,2021-22,1.8,0.107,0.7,0.273,0.351,4.4,2.8,1.8,0.4,5.0,9.4,4.4,0.173
Naji Marshall,2.5,2021-22,2.6,0.278,0.7,0.333,0.186,1.8,1.9,0.9,0.3,3.0999999999999996,4.9,1.9,0.197
Nassir Little,2.8,2021-22,3.3,0.357,1.3,0.346,0.333,3.1,2.5,0.7,0.6,3.8000000000000003,7.5,3.7,0.155
Nate Hinton,0.0,2021-22,0.5,0.0,0.0,,,0.0,0.0,0.5,0.0,0.5,0.5,0.0,0.25
Nathan Knight,0.9,2021-22,1.0,0.216,0.1,0.0,0.333,0.3,1.7,0.5,0.0,2.2,2.4,0.4,0.203
Naz Reid,2.0,2021-22,1.3,0.255,0.1,0.2,0.35,2.1,2.9,1.1,0.0,4.0,6.2,2.2,0.209
Neemias Queta,0.4,2021-22,0.4,0.0,0.1,,0.0,0.3,1.7,0.9,0.5,3.1,2.5,0.0,0.176
Nemanja Bjelica,3.8,2021-22,2.4,0.456,0.3,0.364,0.37,1.9,1.5,1.0,0.2,2.7,4.8,2.1,0.175
Nerlens Noel,1.3,2021-22,0.2,0.5,0.2,0.0,0.444,0.4,1.3,0.7,0.3,2.3,2.4,0.1,0.072
Nic Claxton,1.7,2021-22,0.6,0.138,0.0,,0.5,0.0,4.4,1.1,0.0,5.5,5.6,0.0,0.15
Nick Richards,0.5,2021-22,0.1,0.333,0.1,,1.0,0.0,1.4,0.4,0.0,1.7999999999999998,1.8,0.0,0.147
Nickeil Alexander-Walker,4.5,2021-22,7.3,0.397,2.6,0.293,0.32,4.0,2.9,1.4,1.1,5.4,10.5,5.2,0.237
Nicolas Batum,3.0,2021-22,0.6,0.514,0.9,0.346,0.427,4.5,0.9,0.2,0.9,2.0,6.6,4.6,0.13
Nik Stauskas,0.3,2021-22,0.5,0.25,0.9,0.25,0.5,0.8,0.1,0.0,0.5,0.6,1.8,1.3,0.184
Nikola Jokic,13.9,2021-22,4.2,0.331,1.5,0.324,0.394,4.0,6.6,5.5,1.7,13.799999999999999,17.7,3.9,0.309
Nikola Vucevic,6.0,2021-22,2.3,0.439,1.0,0.333,0.365,7.4,4.2,3.9,3.2,11.3,15.8,4.5,0.244
Norman Powell,3.8,2021-22,8.0,0.294,3.8,0.352,0.439,3.8,4.2,1.9,1.8,7.8999999999999995,13.4,5.6,0.231
Norvel Pelle,0.0,2021-22,0.0,0.0,0.0,,,0.0,1.7,0.0,0.0,1.7,1.7,0.0,0.152
OG Anunoby,5.0,2021-22,7.1,0.455,3.9,0.267,0.4,5.1,4.4,1.7,1.9,8.0,14.5,6.6,0.204
Obi Toppin,1.7,2021-22,1.7,0.258,0.2,0.0,0.321,2.3,3.6,0.5,0.2,4.3,6.6,2.3,0.205
Olivier Sarr,1.7,2021-22,0.1,1.0,0.2,,0.514,1.6,1.8,1.3,0.3,3.4,4.6,1.3,0.136
Omer Yurtseven,1.6,2021-22,0.1,0.143,0.2,,0.242,0.6,2.4,1.7,0.5,4.6,4.4,0.2,0.19
Onyeka Okongwu,2.1,2021-22,0.2,0.0,0.1,,0.5,0.1,3.5,1.1,0.0,4.6,4.7,0.0,0.137
Oshae Brissett,1.8,2021-22,3.3,0.257,0.6,0.238,0.355,3.3,2.9,0.8,0.3,4.0,7.6,3.5,0.166
Otto Porter Jr.,3.4,2021-22,0.9,0.268,1.0,0.563,0.367,3.3,1.4,0.9,0.9,3.1999999999999997,6.6,3.4,0.145
P.J. Dozier,2.7,2021-22,2.5,0.489,1.9,0.214,0.325,2.2,0.9,0.9,1.1,2.9000000000000004,5.5,2.7,0.147
P.J. Tucker,3.7,2021-22,1.1,0.432,0.4,0.6,0.401,2.9,1.5,1.4,0.4,3.3,6.0,2.7,0.116
P.J. Washington,4.3,2021-22,2.6,0.429,0.6,0.353,0.363,4.1,2.7,0.8,0.1,3.6,8.2,4.6,0.154
Paris Bass,0.0,2021-22,0.0,0.0,0.0,,0.0,0.5,1.0,1.0,0.0,2.0,3.0,1.0,0.36
Pascal Siakam,10.7,2021-22,14.3,0.371,5.0,0.257,0.399,3.2,4.9,6.5,3.2,14.600000000000001,17.8,3.2,0.257
Pat Connaughton,2.5,2021-22,1.9,0.504,0.3,0.308,0.401,5.5,1.4,0.4,0.2,1.9999999999999998,7.6,5.7,0.137
Patrick Beverley,8.4,2021-22,5.7,0.476,2.0,0.25,0.39,2.7,1.4,1.5,0.4,3.3,7.5,4.2,0.158
Patrick Williams,2.1,2021-22,2.9,0.265,2.1,0.5,0.481,1.6,1.7,1.1,1.5,4.3,6.0,1.7,0.139
Patty Mills,3.8,2021-22,2.6,0.605,3.3,0.333,0.424,5.5,0.8,0.4,1.7,2.9000000000000004,9.8,7.0,0.16
Paul George,10.4,2021-22,13.4,0.401,11.4,0.325,0.439,3.7,3.7,2.9,5.6,12.2,20.5,8.3,0.329
Paul Millsap,1.6,2021-22,1.4,0.311,0.2,0.0,0.243,1.1,1.4,0.6,0.4,2.4,3.5,1.1,0.158
Paul Reed,0.8,2021-22,0.8,0.241,0.1,,0.273,0.3,2.0,0.5,0.1,2.6,2.5,0.2,0.151
Paul Watson,1.9,2021-22,1.9,0.471,0.4,0.0,0.261,2.6,0.5,0.6,0.0,1.1,3.9,2.9,0.106
Payton Pritchard,3.7,2021-22,2.4,0.607,1.7,0.392,0.426,2.5,0.7,0.4,0.8,1.9000000000000001,5.3,3.5,0.18
Petr Cornelie,0.2,2021-22,0.1,1.0,0.1,0.0,0.125,0.6,0.5,0.1,0.1,0.7,1.2,0.6,0.208
Precious Achiuwa,2.1,2021-22,2.7,0.165,1.0,0.182,0.367,2.3,3.3,2.0,0.8,6.1,8.3,2.1,0.18
Quentin Grimes,1.9,2021-22,0.9,0.548,1.2,0.257,0.417,3.4,0.5,0.1,0.5,1.1,5.1,4.1,0.149
Quinndary Weatherspoon,0.7,2021-22,0.9,0.4,0.3,0.0,0.333,0.3,1.2,0.4,0.0,1.6,1.9,0.5,0.15
R.J. Hampton,6.1,2021-22,6.7,0.456,1.3,0.208,0.4,2.1,2.2,1.6,0.5,4.300000000000001,7.1,2.9,0.18
RJ Barrett,5.8,2021-22,12.8,0.301,3.1,0.253,0.364,4.6,6.3,3.7,1.3,11.3,17.1,5.8,0.268
RJ Nembhard Jr.,1.1,2021-22,2.1,0.483,0.3,0.0,0.0,0.1,0.6,0.4,0.2,1.2,1.3,0.1,0.16
Rajon Rondo,8.5,2021-22,5.1,0.482,1.2,0.24,0.426,1.4,1.3,0.7,0.3,2.3,4.5,2.3,0.152
Raul Neto,5.9,2021-22,7.2,0.394,2.0,0.381,0.244,1.1,1.8,2.3,0.5,4.6,6.3,1.7,0.18
Rayjon Tucker,2.8,2021-22,1.0,0.6,1.0,0.667,1.0,0.4,0.4,0.0,0.4,0.8,1.8,1.0,0.075
Reggie Bullock,2.1,2021-22,0.8,0.308,0.9,0.2,0.375,5.5,0.7,0.4,0.5,1.6,7.4,5.8,0.128
Reggie Jackson,9.1,2021-22,10.9,0.369,7.4,0.333,0.311,3.5,3.1,3.3,3.0,9.4,16.3,6.8,0.273
Reggie Perry,3.3,2021-22,1.4,0.0,0.9,0.0,0.316,1.9,3.2,2.2,0.9,6.300000000000001,7.9,1.6,0.222
Richaun Holmes,1.6,2021-22,0.5,0.167,0.2,,0.551,1.5,3.7,2.6,0.3,6.6000000000000005,6.7,0.1,0.153
Ricky Rubio,14.0,2021-22,12.6,0.515,5.2,0.358,0.34,2.9,2.7,2.1,2.1,6.9,12.1,5.1,0.234
Rob Edwards,0.0,2021-22,0.0,0.0,1.0,0.5,0.0,1.0,0.0,0.0,0.0,0.0,2.0,2.0,0.227
Robert Covington,2.5,2021-22,1.8,0.338,0.7,0.481,0.371,4.4,1.5,0.5,0.2,2.2,7.0,4.8,0.134
Robert Williams III,3.5,2021-22,0.1,0.8,0.0,,0.0,0.1,5.2,0.7,0.2,6.1000000000000005,6.0,0.0,0.112
Robert Woodard II,0.4,2021-22,0.4,0.4,0.4,0.0,0.25,0.3,0.5,0.4,0.3,1.2,1.3,0.3,0.158
Robin Lopez,2.5,2021-22,0.9,0.129,0.3,0.0,0.429,0.2,2.0,2.9,0.5,5.4,5.5,0.2,0.182
Rodney Hood,1.4,2021-22,1.1,0.473,1.0,0.35,0.315,1.4,0.3,0.3,0.7,1.2999999999999998,3.0,1.8,0.106
Rodney McGruder,1.8,2021-22,1.4,0.406,0.6,0.278,0.426,2.5,0.9,0.4,0.3,1.6,4.4,2.9,0.142
Romeo Langford,1.1,2021-22,2.0,0.284,0.6,0.444,0.338,1.7,1.1,0.8,0.3,2.2,4.0,1.8,0.123
Royce O'Neale,4.9,2021-22,2.1,0.519,0.4,0.448,0.38,3.6,1.4,0.3,0.1,1.8,5.8,4.0,0.098
Rudy Gay,1.9,2021-22,1.6,0.27,1.9,0.333,0.362,3.2,1.2,1.0,1.0,3.2,6.9,3.7,0.185
Rudy Gobert,1.7,2021-22,0.3,0.105,0.1,,0.143,0.1,6.7,0.9,0.0,7.6000000000000005,7.7,0.1,0.166
Rui Hachimura,2.1,2021-22,2.9,0.231,2.7,0.167,0.464,3.3,2.2,1.5,2.5,6.2,9.1,2.9,0.205
Russell Westbrook,13.8,2021-22,16.9,0.469,5.1,0.303,0.311,1.9,6.9,2.6,2.9,12.4,15.8,3.4,0.264
Ryan Arcidiacono,0.9,2021-22,1.3,0.769,0.4,0.5,0.429,0.7,0.0,0.3,0.2,0.5,1.2,0.9,0.085
Saben Lee,6.1,2021-22,6.8,0.617,1.0,0.143,0.267,0.8,2.3,0.7,0.2,3.2,4.8,1.6,0.169
Saddiq Bey,5.5,2021-22,5.6,0.357,3.8,0.253,0.38,5.7,3.0,1.8,1.6,6.4,13.9,7.4,0.209
Sam Dekker,0.0,2021-22,0.0,0.0,0.0,,,0.0,0.0,0.0,,0.0,0.0,0.0,0.0
Sam Hauser,0.8,2021-22,0.2,1.0,0.3,0.429,0.432,1.4,0.2,0.0,0.0,0.2,1.9,1.7,0.136
Sam Merrill,2.8,2021-22,1.3,0.875,1.3,0.25,0.333,2.5,0.2,0.0,0.0,0.2,4.0,3.8,0.178
Sandro Mamukelashvili,1.4,2021-22,0.8,0.419,0.1,0.333,0.44,1.2,1.2,0.3,0.1,1.6,2.8,1.3,0.142
Santi Aldama,1.5,2021-22,1.4,0.333,0.4,0.0,0.196,1.4,1.7,0.8,0.1,2.6,4.1,1.5,0.174
Scottie Barnes,7.1,2021-22,4.7,0.261,2.3,0.313,0.327,2.9,4.1,3.9,2.1,10.1,12.6,2.6,0.187
Scottie Lewis,1.0,2021-22,0.5,1.0,0.0,,,0.0,0.0,0.0,0.0,0.0,0.0,0.0,0.059
Scotty Hopson,0.0,2021-22,2.0,0.0,2.0,,,0.0,0.0,1.0,2.0,3.0,4.0,1.0,0.143
Sekou Doumbouya,0.0,2021-22,0.0,0.0,0.0,,0.5,1.0,2.5,0.5,0.0,3.0,4.0,1.0,0.286
Semi Ojeleye,0.9,2021-22,0.9,0.179,0.7,0.429,0.255,1.6,0.4,1.0,0.2,1.5999999999999999,3.3,1.7,0.126
Serge Ibaka,1.8,2021-22,0.6,0.382,0.3,0.667,0.383,2.4,1.4,1.3,0.9,3.6,5.5,1.8,0.172
Seth Curry,6.4,2021-22,4.9,0.502,6.0,0.348,0.47,3.9,0.8,1.3,3.6,5.7,11.5,5.8,0.182
Shai Gilgeous-Alexander,13.0,2021-22,23.9,0.402,8.2,0.273,0.415,0.9,5.6,5.7,2.1,13.4,18.8,5.3,0.298
Shake Milton,5.1,2021-22,6.4,0.369,2.5,0.289,0.351,1.8,2.0,2.0,1.0,5.0,7.3,2.4,0.174
Shaq Buchanan,2.0,2021-22,0.0,0.0,0.5,0.0,0.0,0.5,1.0,0.0,0.0,1.0,2.0,1.0,0.214
Shaquille Harrison,1.5,2021-22,2.0,0.5,0.5,,0.0,1.0,1.5,0.5,0.0,2.0,3.0,1.0,0.148
Sharife Cooper,0.5,2021-22,1.0,0.462,0.2,0.333,0.0,0.2,0.8,0.0,0.0,0.8,1.1,0.5,0.202
Skylar Mays,1.4,2021-22,1.5,0.357,0.3,0.0,0.348,0.8,1.1,0.3,0.2,1.6,2.3,0.9,0.149
Solomon Hill,1.5,2021-22,0.5,0.667,0.1,0.0,0.167,0.9,0.5,0.1,0.0,0.6,1.5,1.0,0.064
Spencer Dinwiddie,9.9,2021-22,10.4,0.385,4.5,0.315,0.375,2.1,2.4,2.5,1.2,6.1000000000000005,11.0,4.9,0.208
Stanley Johnson,3.0,2021-22,2.5,0.395,0.6,0.625,0.308,2.2,1.7,1.0,0.4,3.1,5.2,2.2,0.125
Stephen Curry,10.7,2021-22,9.6,0.438,9.0,0.374,0.395,5.2,3.2,2.1,2.1,7.4,19.1,11.7,0.293
Sterling Brown,1.5,2021-22,1.5,0.459,0.5,0.4,0.301,1.7,0.8,0.3,0.2,1.3,3.2,1.9,0.124
Steven Adams,4.9,2021-22,0.6,0.233,0.1,0.0,0.273,0.1,3.8,1.1,0.1,5.0,5.1,0.0,0.118
Svi Mykhailiuk,1.7,2021-22,1.9,0.533,1.1,0.289,0.32,1.8,1.1,0.4,0.4,1.9,4.2,2.4,0.161
T.J. McConnell,10.3,2021-22,11.4,0.594,2.4,0.375,0.286,1.0,2.7,2.4,1.4,6.5,7.7,1.2,0.157
Tacko Fall,0.4,2021-22,0.1,0.0,0.0,,,0.0,0.7,0.4,0.0,1.1,1.1,0.0,0.124
Taj Gibson,1.3,2021-22,0.1,0.6,0.1,0.0,0.415,1.3,1.4,0.5,0.5,2.4,3.2,0.7,0.099
Talen Horton-Tucker,5.1,2021-22,7.1,0.354,2.7,0.268,0.276,1.9,3.4,1.5,1.1,6.0,9.0,3.0,0.189
Taurean Prince,1.9,2021-22,1.8,0.339,1.0,0.313,0.381,2.9,1.2,0.7,0.5,2.4,5.7,3.3,0.166
Terance Mann,5.0,2021-22,4.8,0.433,2.8,0.269,0.409,1.6,3.2,1.5,1.2,5.9,8.5,2.6,0.157
Terence Davis,2.2,2021-22,3.9,0.354,2.4,0.356,0.313,2.8,2.6,0.8,0.5,3.9000000000000004,8.9,5.0,0.244
Terrence Ross,3.7,2021-22,3.9,0.253,4.0,0.264,0.319,2.9,1.2,1.3,2.1,4.6,8.8,4.2,0.196
Terry Rozier,8.3,2021-22,10.1,0.483,5.3,0.346,0.394,5.6,3.5,2.6,1.8,7.8999999999999995,16.0,8.1,0.227
Terry Taylor,2.1,2021-22,1.6,0.346,0.4,0.25,0.368,1.2,4.0,1.3,0.2,5.5,6.7,1.2,0.151
Thaddeus Young,3.4,2021-22,1.0,0.231,0.3,0.167,0.378,0.9,2.7,1.4,0.3,4.3999999999999995,5.2,0.9,0.169
Thanasis Antetokounmpo,1.0,2021-22,1.0,0.348,0.2,0.2,0.111,0.2,2.3,0.3,0.1,2.6999999999999997,2.7,0.3,0.155
Theo Maledon,4.5,2021-22,6.1,0.433,1.3,0.378,0.261,2.2,1.2,1.9,0.3,3.3999999999999995,6.2,2.9,0.201
Theo Pinson,1.8,2021-22,0.5,0.111,0.6,0.167,0.375,1.3,0.1,0.3,0.2,0.6000000000000001,2.1,1.6,0.138
Thomas Bryant,1.7,2021-22,0.4,0.3,0.3,0.0,0.339,2.1,2.5,0.6,0.9,4.0,5.5,1.6,0.188
Tim Frazier,6.8,2021-22,3.3,0.525,1.8,0.429,0.308,1.1,0.3,0.8,1.2,2.3,3.8,1.4,0.137
Tim Hardaway Jr.,4.0,2021-22,2.6,0.294,5.1,0.319,0.339,5.3,1.5,1.1,2.8,5.4,12.6,7.2,0.214
Timothe Luwawu-Cabarrot,1.3,2021-22,1.2,0.429,0.3,0.625,0.339,2.2,1.0,0.2,0.1,1.3,3.6,2.3,0.135
Tobias Harris,6.5,2021-22,9.2,0.324,3.6,0.439,0.354,3.3,4.2,4.4,1.7,10.3,14.0,3.8,0.214
Tomas Satoransky,6.6,2021-22,4.5,0.606,1.0,0.222,0.205,0.8,1.0,0.9,0.6,2.5,3.5,1.0,0.124
Tony Bradley,0.9,2021-22,0.1,0.0,0.0,,0.583,0.2,1.7,0.4,0.2,2.3000000000000003,2.2,0.0,0.128
Tony Snell,1.3,2021-22,0.8,0.533,0.3,0.286,0.363,2.3,0.4,0.3,0.2,0.8999999999999999,3.2,2.4,0.099
Torrey Craig,2.2,2021-22,1.5,0.375,0.8,0.3,0.335,2.8,1.6,0.6,0.4,2.6,5.7,3.0,0.139
Trae Young,17.2,2021-22,17.3,0.39,12.0,0.37,0.488,1.1,4.0,4.8,3.5,12.3,20.3,8.0,0.333
Trayvon Palmer,0.0,2021-22,0.0,0.0,0.0,,,0.0,0.0,1.0,0.0,1.0,1.0,0.0,0.053
Tre Jones,6.7,2021-22,5.3,0.404,1.5,0.133,0.237,0.6,1.8,1.8,0.6,4.2,4.9,0.7,0.151
Tre Mann,3.0,2021-22,7.1,0.383,4.5,0.342,0.379,2.1,1.5,2.5,1.2,5.2,9.8,4.5,0.213
Tremont Waters,4.7,2021-22,5.0,0.533,3.3,0.125,1.0,0.3,0.3,0.7,0.7,1.7,4.7,3.0,0.15
Trendon Watford,3.5,2021-22,2.3,0.333,0.6,0.0,0.288,1.1,2.6,1.9,0.3,4.8,5.6,0.8,0.169
Trent Forrest,3.1,2021-22,5.0,0.497,0.3,0.2,0.182,0.4,1.0,1.0,0.2,2.2,2.6,0.5,0.124
Trevelin Queen,1.1,2021-22,0.7,0.429,1.1,0.455,0.308,1.3,0.8,0.1,0.0,0.9,3.3,2.4,0.219
Trevon Scott,0.5,2021-22,1.5,0.0,0.5,,0.0,0.5,3.0,1.0,0.0,4.0,3.0,0.5,0.207
Trevor Ariza,1.8,2021-22,1.2,0.536,0.3,0.167,0.279,2.8,0.9,0.1,0.0,1.0,4.1,3.1,0.11
Trey Burke,2.3,2021-22,3.1,0.435,2.5,0.259,0.35,1.4,0.7,1.0,1.5,3.2,5.1,2.0,0.25
Trey Lyles,2.5,2021-22,3.8,0.342,0.9,0.125,0.35,2.7,2.7,1.3,0.6,4.6,7.5,2.8,0.205
Trey Murphy III,1.2,2021-22,1.1,0.424,0.4,0.273,0.388,2.9,1.0,0.3,0.2,1.5,4.5,3.0,0.147
Tristan Thompson,1.1,2021-22,0.8,0.14,0.1,0.0,0.286,0.1,2.7,1.9,0.1,4.699999999999999,4.7,0.1,0.168
Troy Brown Jr.,1.5,2021-22,1.3,0.4,0.4,0.25,0.365,1.9,1.3,0.4,0.3,2.0,3.9,2.0,0.118
Ty Jerome,4.6,2021-22,5.8,0.453,2.1,0.245,0.312,2.9,0.7,2.0,0.3,3.0,6.8,3.9,0.205
Tyler Cook,0.7,2021-22,0.3,0.2,0.0,,,0.0,1.6,0.3,0.0,1.9000000000000001,1.9,0.0,0.127
Tyler Hall,1.0,2021-22,0.0,0.0,0.0,,,0.0,0.0,0.0,,0.0,0.0,0.0,0.0
Tyler Herro,8.1,2021-22,11.8,0.395,8.2,0.375,0.441,3.6,3.0,3.3,4.1,10.399999999999999,17.0,6.7,0.278
Tyler Johnson,2.8,2021-22,0.5,0.667,1.0,0.0,0.357,2.3,0.0,0.0,1.2,1.2,3.3,2.2,0.1
Tyrell Terry,0.0,2021-22,0.0,0.0,0.5,,,0.0,0.0,0.0,1.0,1.0,0.5,0.0,0.111
Tyrese Haliburton,15.6,2021-22,12.1,0.536,6.4,0.404,0.427,1.9,1.9,2.6,2.2,6.7,11.8,5.1,0.184
Tyrese Maxey,7.6,2021-22,8.9,0.225,5.2,0.403,0.455,2.2,4.1,2.9,2.2,9.2,13.3,4.1,0.199
Tyrone Wallace,1.2,2021-22,1.7,0.5,0.5,0.0,0.286,1.2,1.2,0.7,0.3,2.1999999999999997,3.3,1.3,0.13
Tyus Jones,8.1,2021-22,5.3,0.295,3.4,0.304,0.412,2.3,0.9,2.7,1.1,4.7,7.6,2.8,0.164
Udoka Azubuike,0.1,2021-22,0.0,0.0,0.0,,0.0,0.1,2.6,0.5,0.0,3.1,2.9,0.0,0.143
Udonis Haslem,0.8,2021-22,0.1,0.0,0.2,,0.25,0.6,1.2,0.3,0.8,2.3,2.4,0.3,0.183
Usman Garuba,1.2,2021-22,0.3,0.714,0.1,0.0,0.278,0.8,0.9,0.1,0.0,1.0,1.8,0.8,0.091
Vernon Carey Jr.,0.4,2021-22,0.1,1.0,0.1,,0.0,0.4,1.6,0.2,0.7,2.5,1.9,0.0,0.179
Victor Oladipo,5.4,2021-22,6.8,0.519,3.8,0.438,0.389,2.3,2.4,1.0,1.3,4.7,9.1,4.5,0.247
Vit Krejci,4.2,2021-22,4.2,0.624,0.9,0.353,0.317,2.7,1.2,0.9,0.2,2.3000000000000003,5.6,3.3,0.125
Vlatko Cancar,2.5,2021-22,1.1,0.471,0.2,1.0,0.429,0.9,1.4,0.5,0.1,2.0,2.7,0.8,0.131
Wayne Ellington,1.3,2021-22,0.7,0.643,1.4,0.294,0.422,3.7,0.3,0.2,0.2,0.7,5.5,4.9,0.135
Wayne Selden,0.3,2021-22,1.7,0.2,0.3,1.0,0.0,0.3,0.0,0.7,0.0,0.7,1.3,0.7,0.136
Wendell Carter Jr.,5.1,2021-22,2.8,0.239,1.1,0.286,0.365,4.1,4.1,2.2,1.2,7.5,11.0,3.5,0.206
Wenyen Gabriel,1.2,2021-22,1.0,0.269,0.1,1.0,0.25,1.1,2.4,0.7,0.1,3.1999999999999997,4.2,1.1,0.165
Wes Iwundu,2.0,2021-22,2.3,0.429,1.0,,0.571,2.3,2.3,0.0,2.0,4.3,6.0,1.7,0.111
Wesley Matthews,1.3,2021-22,1.3,0.339,0.5,0.111,0.364,2.9,0.8,0.4,0.1,1.3000000000000003,4.5,3.2,0.104
Will Barton,6.6,2021-22,6.1,0.389,4.0,0.338,0.382,4.0,3.0,2.0,1.5,6.5,12.6,6.1,0.205
Willie Cauley-Stein,0.8,2021-22,0.3,0.4,0.1,,0.4,0.3,1.2,0.4,0.1,1.7000000000000002,1.8,0.1,0.099
Willy Hernangomez,2.2,2021-22,0.2,0.182,0.2,0.25,0.353,0.3,4.5,1.8,0.2,6.5,6.5,0.2,0.211
Xavier Moon,4.0,2021-22,1.6,0.25,2.8,0.4,0.2,1.0,0.6,0.5,2.6,3.7,5.1,1.4,0.177
Xavier Sneed,0.1,2021-22,0.1,0.0,0.2,0.0,0.143,0.8,0.1,0.1,0.0,0.2,1.1,0.9,0.109
Xavier Tillman Sr.,2.1,2021-22,0.6,0.242,0.5,0.25,0.24,0.9,1.8,1.1,0.3,3.2,4.1,0.9,0.164
Yuta Watanabe,1.2,2021-22,1.1,0.302,0.4,0.0,0.372,2.1,0.7,0.6,0.3,1.5999999999999999,3.6,2.1,0.161
Yves Pons,0.4,2021-22,0.3,0.667,0.0,,0.375,0.7,0.4,0.3,0.0,0.7,1.3,0.8,0.096
Zach Collins,3.5,2021-22,0.4,0.455,0.2,,0.462,1.9,2.1,1.2,0.7,4.0,5.5,1.5,0.184
Zach LaVine,8.8,2021-22,9.9,0.278,8.5,0.333,0.455,2.8,5.2,1.7,3.7,10.600000000000001,17.7,7.1,0.284
Zavier Simpson,16.0,2021-22,20.5,0.463,3.0,0.0,0.25,1.0,4.3,5.5,1.3,11.100000000000001,13.0,2.0,0.158
Zeke Nnaji,0.8,2021-22,0.6,0.292,0.1,,0.456,2.2,1.9,0.4,0.3,2.5999999999999996,4.5,2.0,0.146
Ziaire Williams,1.8,2021-22,1.2,0.316,1.4,0.24,0.339,3.5,1.4,0.8,0.8,3.0,6.8,3.9,0.144
Zylan Cheatham,0.0,2021-22,0.0,0.0,0.0,,0.0,2.0,1.0,0.0,0.0,1.0,3.0,2.0,0.25
