SEASON_ID,PLAYER_ID,PLAYER_NAME,TEAM_ID,TEAM_ABBREVIATION,TEAM_NAME,PLAY_TYPE,TYPE_GROUPING,PPP PERCENTILE,GP,POSS_PCT,PPP,FG_PCT,FT_POSS_PCT,TOV_POSS_PCT,SF_POSS_PCT,PLUSONE_POSS_PCT,SCORE_POSS_PCT,EFG_PCT,POSS,PTS,FGM,FGA,FGMX,Season,POSS PCT PERCENTILE
22021,1629130,Duncan Robinson,1610612748,MIA,Miami Heat,Handoff,Offensive,0.779,79,0.228,1.043,0.371,0.027,0.054,0.027,0.005,0.364,0.535,2.3,2.4,0.8,2.2,1.4,2021-22,1.0
22021,1630217,Desmond Bane,1610612763,MEM,Memphis Grizzlies,Handoff,Offensive,0.737,76,0.124,1.013,0.431,0.019,0.064,0.019,0.006,0.41,0.535,2.1,2.1,0.8,1.9,1.1,2021-22,0.9375
22021,201988,Patty Mills,1610612751,BKN,Brooklyn Nets,Handoff,Offensive,0.747,81,0.171,1.02,0.409,0.02,0.079,0.013,0.0,0.388,0.54,1.9,1.9,0.7,1.7,1.0,2021-22,0.9809027777777778
22021,1629673,Jordan Poole,1610612744,GSW,Golden State Warriors,Handoff,Offensive,0.554,76,0.124,0.922,0.374,0.06,0.108,0.054,0.006,0.365,0.489,2.2,2.0,0.7,1.8,1.1,2021-22,0.9375
22021,201939,Stephen Curry,1610612744,GSW,Golden State Warriors,Handoff,Offensive,0.571,64,0.103,0.93,0.352,0.089,0.133,0.089,0.013,0.354,0.46,2.5,2.3,0.7,2.0,1.3,2021-22,0.8663194444444444
22021,203084,Harrison Barnes,1610612758,SAC,Sacramento Kings,Handoff,Offensive,0.858,77,0.108,1.107,0.462,0.165,0.099,0.157,0.041,0.479,0.575,1.6,1.7,0.6,1.2,0.6,2021-22,0.8888888888888888
22021,203095,Evan Fournier,1610612752,NYK,New York Knicks,Handoff,Offensive,0.772,80,0.111,1.041,0.382,0.057,0.065,0.057,0.016,0.382,0.527,1.5,1.6,0.5,1.4,0.9,2021-22,0.9079861111111112
22021,1629639,Tyler Herro,1610612748,MIA,Miami Heat,Handoff,Offensive,0.526,66,0.103,0.895,0.438,0.028,0.133,0.028,0.007,0.385,0.512,2.2,1.9,0.8,1.8,1.0,2021-22,0.8663194444444444
22021,1629726,Garrison Mathews,1610612745,HOU,Houston Rockets,Handoff,Offensive,0.815,65,0.2,1.063,0.304,0.17,0.036,0.161,0.027,0.393,0.451,1.7,1.8,0.4,1.4,1.0,2021-22,0.9965277777777778
22021,203082,Terrence Ross,1610612753,ORL,Orlando Magic,Handoff,Offensive,0.478,63,0.199,0.859,0.352,0.111,0.141,0.104,0.052,0.341,0.431,2.1,1.8,0.6,1.7,1.1,2021-22,0.9930555555555556
22021,1629018,Gary Trent Jr.,1610612761,TOR,Toronto Raptors,Handoff,Offensive,0.72,70,0.091,1.0,0.425,0.009,0.053,0.009,0.0,0.407,0.524,1.6,1.6,0.6,1.5,0.9,2021-22,0.8072916666666666
22021,1627832,Fred VanVleet,1610612761,TOR,Toronto Raptors,Handoff,Offensive,0.588,65,0.089,0.942,0.406,0.067,0.117,0.058,0.025,0.383,0.495,1.8,1.7,0.6,1.6,0.9,2021-22,0.7916666666666666
22021,1630163,LaMelo Ball,1610612766,CHA,Charlotte Hornets,Handoff,Offensive,0.519,75,0.076,0.885,0.413,0.049,0.107,0.049,0.008,0.393,0.471,1.6,1.4,0.6,1.4,0.8,2021-22,0.6875
22021,1630162,Anthony Edwards,1610612750,MIN,Minnesota Timberwolves,Handoff,Offensive,0.654,72,0.07,0.972,0.418,0.074,0.083,0.065,0.0,0.417,0.516,1.5,1.5,0.5,1.3,0.7,2021-22,0.6180555555555556
22021,1628420,Monte Morris,1610612743,DEN,Denver Nuggets,Handoff,Offensive,0.886,75,0.103,1.143,0.523,0.022,0.033,0.022,0.0,0.516,0.581,1.2,1.4,0.6,1.1,0.5,2021-22,0.8663194444444444
22021,1628970,Miles Bridges,1610612766,CHA,Charlotte Hornets,Handoff,Offensive,0.82,80,0.063,1.063,0.47,0.063,0.095,0.063,0.032,0.442,0.572,1.2,1.3,0.5,1.0,0.6,2021-22,0.5416666666666666
22021,1628379,Luke Kennard,1610612746,LAC,LA Clippers,Handoff,Offensive,0.599,70,0.149,0.944,0.37,0.028,0.056,0.028,0.019,0.355,0.48,1.5,1.4,0.5,1.4,0.9,2021-22,0.9618055555555556
22021,1626162,Kelly Oubre Jr.,1610612766,CHA,Charlotte Hornets,Handoff,Offensive,0.682,76,0.093,0.99,0.391,0.12,0.04,0.1,0.03,0.42,0.494,1.3,1.3,0.4,1.1,0.7,2021-22,0.8159722222222222
22021,203914,Gary Harris,1610612753,ORL,Orlando Magic,Handoff,Offensive,0.623,61,0.157,0.961,0.432,0.058,0.117,0.058,0.029,0.398,0.517,1.7,1.6,0.6,1.4,0.8,2021-22,0.9722222222222222
22021,1626179,Terry Rozier,1610612766,CHA,Charlotte Hornets,Handoff,Offensive,0.561,73,0.081,0.925,0.413,0.056,0.093,0.056,0.009,0.402,0.478,1.5,1.4,0.5,1.3,0.7,2021-22,0.7256944444444444
22021,201142,Kevin Durant,1610612751,BKN,Brooklyn Nets,Handoff,Offensive,0.775,55,0.064,1.043,0.515,0.128,0.17,0.074,0.021,0.479,0.574,1.7,1.8,0.6,1.2,0.6,2021-22,0.5520833333333334
22021,1629029,Luka Doncic,1610612742,DAL,Dallas Mavericks,Handoff,Offensive,0.761,65,0.048,1.033,0.493,0.098,0.196,0.098,0.022,0.435,0.612,1.4,1.5,0.5,1.0,0.5,2021-22,0.3472222222222222
22021,1629640,Keldon Johnson,1610612759,SAS,San Antonio Spurs,Handoff,Offensive,0.406,75,0.096,0.826,0.337,0.096,0.043,0.087,0.017,0.374,0.381,1.5,1.3,0.5,1.3,0.9,2021-22,0.8246527777777778
22021,1630224,Jalen Green,1610612745,HOU,Houston Rockets,Handoff,Offensive,0.651,67,0.081,0.969,0.446,0.083,0.156,0.073,0.01,0.417,0.541,1.4,1.4,0.5,1.1,0.6,2021-22,0.7256944444444444
22021,1628973,Jalen Brunson,1610612742,DAL,Dallas Mavericks,Handoff,Offensive,0.803,79,0.072,1.057,0.527,0.103,0.08,0.092,0.034,0.517,0.534,1.1,1.2,0.5,0.9,0.4,2021-22,0.6423611111111112
22021,203926,Doug McDermott,1610612759,SAS,San Antonio Spurs,Handoff,Offensive,0.907,51,0.146,1.182,0.507,0.052,0.091,0.052,0.039,0.468,0.623,1.5,1.8,0.7,1.4,0.7,2021-22,0.9583333333333334
22021,203200,Justin Holiday,1610612754,IND,Indiana Pacers,Handoff,Offensive,0.664,49,0.171,0.978,0.383,0.033,0.067,0.033,0.0,0.378,0.512,1.8,1.8,0.6,1.7,1.0,2021-22,0.9809027777777778
22021,1630532,Franz Wagner,1610612753,ORL,Orlando Magic,Handoff,Offensive,0.384,79,0.089,0.821,0.361,0.085,0.142,0.085,0.009,0.358,0.41,1.3,1.1,0.4,1.1,0.7,2021-22,0.7916666666666666
22021,1629628,RJ Barrett,1610612752,NYK,New York Knicks,Handoff,Offensive,0.872,70,0.05,1.118,0.516,0.118,0.066,0.118,0.026,0.5,0.617,1.1,1.2,0.5,0.9,0.4,2021-22,0.3732638888888889
22021,1630170,Devin Vassell,1610612759,SAS,San Antonio Spurs,Handoff,Offensive,0.633,71,0.101,0.966,0.452,0.069,0.103,0.057,0.011,0.437,0.521,1.2,1.2,0.5,1.0,0.6,2021-22,0.8541666666666666
22021,1628991,Jaren Jackson Jr.,1610612763,MEM,Memphis Grizzlies,Handoff,Offensive,0.785,78,0.06,1.051,0.452,0.165,0.114,0.165,0.063,0.456,0.508,1.0,1.1,0.4,0.8,0.4,2021-22,0.5052083333333334
22021,1626181,Norman Powell,1610612757,POR,Portland Trail Blazers,Handoff,Offensive,0.661,40,0.123,0.976,0.418,0.141,0.118,0.129,0.047,0.424,0.493,2.1,2.1,0.7,1.7,1.0,2021-22,0.9305555555555556
22021,1628378,Donovan Mitchell,1610612762,UTA,Utah Jazz,Handoff,Offensive,0.495,67,0.056,0.874,0.325,0.095,0.074,0.095,0.011,0.358,0.406,1.4,1.2,0.4,1.2,0.8,2021-22,0.4409722222222222
22021,203897,Zach LaVine,1610612741,CHI,Chicago Bulls,Handoff,Offensive,0.824,67,0.051,1.065,0.448,0.117,0.039,0.091,0.026,0.481,0.507,1.1,1.2,0.4,1.0,0.6,2021-22,0.390625
22021,1629622,Max Strus,1610612748,MIA,Miami Heat,Handoff,Offensive,0.457,68,0.15,0.854,0.333,0.021,0.115,0.021,0.01,0.302,0.476,1.4,1.2,0.4,1.2,0.8,2021-22,0.9652777777777778
22021,1628368,De'Aaron Fox,1610612758,SAC,Sacramento Kings,Handoff,Offensive,0.372,59,0.07,0.818,0.398,0.061,0.111,0.061,0.01,0.374,0.446,1.7,1.4,0.6,1.4,0.8,2021-22,0.6180555555555556
22021,1626164,Devin Booker,1610612756,PHX,Phoenix Suns,Handoff,Offensive,0.256,68,0.062,0.738,0.348,0.056,0.131,0.047,0.019,0.327,0.399,1.6,1.2,0.5,1.3,0.9,2021-22,0.53125
22021,203552,Seth Curry,1610612755,PHI,Philadelphia 76ers,Handoff,Offensive,0.965,45,0.095,1.3,0.627,0.05,0.1,0.033,0.0,0.583,0.696,1.3,1.7,0.7,1.1,0.4,2021-22,0.8194444444444444
22021,1626156,D'Angelo Russell,1610612750,MIN,Minnesota Timberwolves,Handoff,Offensive,0.92,65,0.051,1.219,0.547,0.078,0.094,0.078,0.0,0.531,0.66,1.0,1.2,0.4,0.8,0.4,2021-22,0.390625
22021,201942,DeMar DeRozan,1610612741,CHI,Chicago Bulls,Handoff,Offensive,0.893,76,0.034,1.164,0.556,0.149,0.075,0.134,0.03,0.567,0.556,0.9,1.0,0.4,0.7,0.3,2021-22,0.18055555555555555
22021,1630175,Cole Anthony,1610612753,ORL,Orlando Magic,Handoff,Offensive,0.72,66,0.066,1.0,0.413,0.026,0.026,0.026,0.013,0.41,0.507,1.2,1.2,0.5,1.1,0.7,2021-22,0.5677083333333334
22021,1627749,Dejounte Murray,1610612759,SAS,San Antonio Spurs,Handoff,Offensive,0.889,68,0.044,1.149,0.5,0.09,0.075,0.09,0.0,0.507,0.58,1.0,1.1,0.4,0.8,0.4,2021-22,0.3020833333333333
22021,203992,Bogdan Bogdanovic,1610612737,ATL,Atlanta Hawks,Handoff,Offensive,0.841,63,0.078,1.085,0.452,0.085,0.056,0.085,0.014,0.451,0.565,1.1,1.2,0.4,1.0,0.5,2021-22,0.7013888888888888
22021,1629027,Trae Young,1610612737,ATL,Atlanta Hawks,Handoff,Offensive,0.72,76,0.037,1.0,0.431,0.156,0.117,0.117,0.026,0.455,0.483,1.0,1.0,0.3,0.8,0.4,2021-22,0.2013888888888889
22021,203463,Ben McLemore,1610612757,POR,Portland Trail Blazers,Handoff,Offensive,0.522,64,0.135,0.894,0.346,0.024,0.071,0.024,0.012,0.329,0.462,1.3,1.2,0.4,1.2,0.8,2021-22,0.9513888888888888
22021,1627742,Brandon Ingram,1610612740,NOP,New Orleans Pelicans,Handoff,Offensive,0.58,55,0.063,0.938,0.477,0.113,0.088,0.113,0.013,0.475,0.485,1.5,1.4,0.6,1.2,0.6,2021-22,0.5416666666666666
22021,1628398,Kyle Kuzma,1610612764,WAS,Washington Wizards,Handoff,Offensive,0.547,66,0.067,0.914,0.45,0.136,0.148,0.123,0.025,0.432,0.508,1.2,1.1,0.4,0.9,0.5,2021-22,0.5746527777777778
22021,1628415,Dillon Brooks,1610612763,MEM,Memphis Grizzlies,Handoff,Offensive,0.74,33,0.116,1.014,0.46,0.097,0.056,0.097,0.028,0.472,0.5,2.2,2.2,0.9,1.9,1.0,2021-22,0.9253472222222222
22021,1630180,Saddiq Bey,1610612765,DET,Detroit Pistons,Handoff,Offensive,0.657,82,0.055,0.973,0.382,0.081,0.014,0.081,0.014,0.419,0.456,0.9,0.9,0.3,0.8,0.5,2021-22,0.421875
22021,1629630,Ja Morant,1610612763,MEM,Memphis Grizzlies,Handoff,Offensive,0.72,57,0.044,1.0,0.463,0.174,0.13,0.159,0.087,0.449,0.509,1.2,1.2,0.4,0.9,0.5,2021-22,0.3020833333333333
22021,1628989,Kevin Huerter,1610612737,ATL,Atlanta Hawks,Handoff,Offensive,0.678,74,0.08,0.986,0.5,0.014,0.114,0.014,0.014,0.443,0.548,0.9,0.9,0.4,0.8,0.4,2021-22,0.7118055555555556
22021,1629636,Darius Garland,1610612739,CLE,Cleveland Cavaliers,Handoff,Offensive,0.26,68,0.061,0.739,0.366,0.054,0.185,0.043,0.011,0.326,0.415,1.4,1.0,0.4,1.0,0.7,2021-22,0.5190972222222222
22021,201569,Eric Gordon,1610612745,HOU,Houston Rockets,Handoff,Offensive,0.882,57,0.081,1.136,0.54,0.102,0.085,0.102,0.034,0.508,0.61,1.0,1.2,0.5,0.9,0.4,2021-22,0.7256944444444444
22021,1629014,Anfernee Simons,1610612757,POR,Portland Trail Blazers,Handoff,Offensive,0.782,57,0.066,1.048,0.474,0.0,0.095,0.0,0.0,0.429,0.579,1.1,1.2,0.5,1.0,0.5,2021-22,0.5677083333333334
22021,1628960,Grayson Allen,1610612749,MIL,Milwaukee Bucks,Handoff,Offensive,0.594,66,0.109,0.943,0.406,0.029,0.057,0.029,0.0,0.4,0.492,1.1,1.0,0.4,1.0,0.6,2021-22,0.8958333333333334
22021,203952,Andrew Wiggins,1610612744,GSW,Golden State Warriors,Handoff,Offensive,0.441,73,0.063,0.846,0.388,0.051,0.103,0.051,0.013,0.359,0.463,1.1,0.9,0.4,0.9,0.6,2021-22,0.5416666666666666
22021,1628401,Derrick White,1610612759,SAS,San Antonio Spurs,Handoff,Offensive,0.498,49,0.102,0.878,0.359,0.135,0.014,0.135,0.014,0.432,0.391,1.5,1.3,0.5,1.3,0.8,2021-22,0.8576388888888888
22021,1630537,Chris Duarte,1610612754,IND,Indiana Pacers,Handoff,Offensive,0.304,55,0.108,0.78,0.382,0.024,0.146,0.024,0.0,0.341,0.449,1.5,1.2,0.5,1.2,0.8,2021-22,0.8888888888888888
22021,203468,CJ McCollum,1610612740,NOP,New Orleans Pelicans,Handoff,Offensive,0.765,26,0.103,1.033,0.473,0.098,0.033,0.098,0.033,0.492,0.527,2.3,2.4,1.0,2.1,1.1,2021-22,0.8663194444444444
22021,203924,Jerami Grant,1610612765,DET,Detroit Pistons,Handoff,Offensive,0.585,47,0.074,0.939,0.442,0.152,0.106,0.121,0.045,0.455,0.452,1.4,1.3,0.5,1.1,0.6,2021-22,0.6701388888888888
22021,201144,Mike Conley,1610612762,UTA,Utah Jazz,Handoff,Offensive,0.647,72,0.064,0.968,0.479,0.048,0.19,0.048,0.0,0.413,0.583,0.9,0.8,0.3,0.7,0.3,2021-22,0.5520833333333334
22021,1629638,Nickeil Alexander-Walker,1610612740,NOP,New Orleans Pelicans,Handoff,Offensive,0.284,50,0.104,0.772,0.354,0.076,0.114,0.051,0.013,0.354,0.423,1.6,1.2,0.5,1.3,0.8,2021-22,0.875
22021,200768,Kyle Lowry,1610612748,MIA,Miami Heat,Handoff,Offensive,0.675,63,0.07,0.984,0.368,0.049,0.033,0.049,0.016,0.377,0.482,1.0,1.0,0.3,0.9,0.6,2021-22,0.6180555555555556
22021,202330,Gordon Hayward,1610612766,CHA,Charlotte Hornets,Handoff,Offensive,0.644,49,0.082,0.968,0.444,0.048,0.081,0.048,0.0,0.435,0.509,1.3,1.2,0.5,1.1,0.6,2021-22,0.7395833333333334
22021,203078,Bradley Beal,1610612764,WAS,Washington Wizards,Handoff,Offensive,0.388,40,0.074,0.822,0.379,0.096,0.11,0.068,0.0,0.397,0.405,1.8,1.5,0.5,1.4,0.9,2021-22,0.6701388888888888
22021,1627741,Buddy Hield,1610612758,SAC,Sacramento Kings,Handoff,Offensive,0.339,55,0.092,0.8,0.317,0.04,0.133,0.04,0.013,0.293,0.437,1.4,1.1,0.4,1.1,0.8,2021-22,0.8125
22021,1629216,Gabe Vincent,1610612748,MIA,Miami Heat,Handoff,Offensive,0.789,68,0.088,1.054,0.435,0.054,0.125,0.054,0.0,0.411,0.565,0.8,0.9,0.3,0.7,0.4,2021-22,0.78125
22021,203114,Khris Middleton,1610612749,MIL,Milwaukee Bucks,Handoff,Offensive,0.64,66,0.046,0.967,0.425,0.131,0.23,0.098,0.016,0.393,0.525,0.9,0.9,0.3,0.6,0.3,2021-22,0.3229166666666667
22021,203115,Will Barton,1610612743,DEN,Denver Nuggets,Handoff,Offensive,0.426,71,0.065,0.843,0.426,0.0,0.129,0.0,0.0,0.371,0.484,1.0,0.8,0.4,0.9,0.5,2021-22,0.5607638888888888
22021,1627783,Pascal Siakam,1610612761,TOR,Toronto Raptors,Handoff,Offensive,0.91,68,0.031,1.184,0.571,0.122,0.061,0.122,0.041,0.571,0.595,0.7,0.9,0.4,0.6,0.3,2021-22,0.1545138888888889
22021,203501,Tim Hardaway Jr.,1610612742,DAL,Dallas Mavericks,Handoff,Offensive,0.637,42,0.099,0.967,0.385,0.083,0.083,0.067,0.033,0.383,0.481,1.4,1.4,0.5,1.2,0.8,2021-22,0.8402777777777778
22021,1630193,Immanuel Quickley,1610612752,NYK,New York Knicks,Handoff,Offensive,0.955,78,0.05,1.267,0.487,0.067,0.067,0.067,0.0,0.489,0.641,0.6,0.7,0.2,0.5,0.3,2021-22,0.3732638888888889
22021,203903,Jordan Clarkson,1610612762,UTA,Utah Jazz,Handoff,Offensive,0.55,79,0.048,0.919,0.407,0.081,0.097,0.081,0.048,0.387,0.472,0.8,0.7,0.3,0.7,0.4,2021-22,0.3472222222222222
22021,1630178,Tyrese Maxey,1610612755,PHI,Philadelphia 76ers,Handoff,Offensive,0.481,75,0.056,0.864,0.379,0.076,0.045,0.076,0.0,0.409,0.422,0.9,0.8,0.3,0.8,0.5,2021-22,0.4409722222222222
22021,202691,Klay Thompson,1610612744,GSW,Golden State Warriors,Handoff,Offensive,0.744,32,0.086,1.018,0.438,0.036,0.091,0.036,0.0,0.418,0.531,1.7,1.8,0.7,1.5,0.8,2021-22,0.7690972222222222
22021,1628370,Malik Monk,1610612747,LAL,Los Angeles Lakers,Handoff,Offensive,0.533,76,0.062,0.903,0.417,0.048,0.194,0.032,0.016,0.355,0.542,0.8,0.7,0.3,0.6,0.4,2021-22,0.53125
22021,203471,Dennis Schroder,1610612738,BOS,Boston Celtics,Handoff,Offensive,0.913,49,0.061,1.196,0.579,0.13,0.13,0.13,0.087,0.522,0.618,0.9,1.1,0.4,0.8,0.3,2021-22,0.5190972222222222
22021,202694,Marcus Morris Sr.,1610612746,LAC,LA Clippers,Handoff,Offensive,0.9,54,0.058,1.17,0.477,0.043,0.043,0.043,0.021,0.447,0.614,0.9,1.0,0.4,0.8,0.4,2021-22,0.4635416666666667
22021,1627763,Malcolm Brogdon,1610612754,IND,Indiana Pacers,Handoff,Offensive,0.671,36,0.081,0.982,0.477,0.107,0.143,0.071,0.036,0.446,0.511,1.6,1.5,0.6,1.2,0.6,2021-22,0.7256944444444444
22021,1629643,Chuma Okeke,1610612753,ORL,Orlando Magic,Handoff,Offensive,0.668,70,0.083,0.982,0.417,0.055,0.073,0.055,0.0,0.418,0.521,0.8,0.8,0.3,0.7,0.4,2021-22,0.75
22021,203484,Kentavious Caldwell-Pope,1610612764,WAS,Washington Wizards,Handoff,Offensive,0.28,77,0.071,0.771,0.361,0.029,0.1,0.029,0.0,0.343,0.41,0.9,0.7,0.3,0.8,0.5,2021-22,0.6284722222222222
22021,1629022,Lonnie Walker IV,1610612759,SAS,San Antonio Spurs,Handoff,Offensive,0.183,70,0.089,0.675,0.324,0.05,0.075,0.05,0.013,0.325,0.345,1.1,0.8,0.3,1.0,0.7,2021-22,0.7916666666666666
22021,1629717,Armoni Brooks,1610612745,HOU,Houston Rockets,Handoff,Offensive,0.931,41,0.154,1.233,0.452,0.0,0.023,0.0,0.0,0.442,0.631,1.0,1.3,0.5,1.0,0.6,2021-22,0.96875
22021,1630595,Cade Cunningham,1610612765,DET,Detroit Pistons,Handoff,Offensive,0.208,64,0.056,0.693,0.328,0.093,0.133,0.093,0.0,0.347,0.345,1.2,0.8,0.3,0.9,0.6,2021-22,0.4409722222222222
22021,1628402,Frank Jackson,1610612765,DET,Detroit Pistons,Handoff,Offensive,0.391,53,0.111,0.823,0.339,0.081,0.048,0.081,0.032,0.355,0.384,1.2,1.0,0.4,1.1,0.7,2021-22,0.9079861111111112
22021,2544,LeBron James,1610612747,LAL,Los Angeles Lakers,Handoff,Offensive,0.865,56,0.029,1.111,0.429,0.044,0.044,0.044,0.022,0.422,0.583,0.8,0.9,0.3,0.8,0.4,2021-22,0.125
22021,203081,Damian Lillard,1610612757,POR,Portland Trail Blazers,Handoff,Offensive,0.628,29,0.073,0.962,0.459,0.077,0.212,0.058,0.0,0.404,0.581,1.8,1.7,0.6,1.3,0.7,2021-22,0.65625
22021,1627759,Jaylen Brown,1610612738,BOS,Boston Celtics,Handoff,Offensive,0.308,66,0.042,0.781,0.391,0.094,0.188,0.078,0.0,0.375,0.435,1.0,0.8,0.3,0.7,0.4,2021-22,0.2673611111111111
22021,1629599,Amir Coffey,1610612746,LAC,LA Clippers,Handoff,Offensive,0.869,69,0.078,1.114,0.529,0.159,0.159,0.159,0.091,0.477,0.603,0.6,0.7,0.3,0.5,0.2,2021-22,0.7013888888888888
22021,1626145,Tyus Jones,1610612763,MEM,Memphis Grizzlies,Handoff,Offensive,0.619,73,0.082,0.961,0.447,0.039,0.039,0.02,0.0,0.451,0.479,0.7,0.7,0.3,0.6,0.4,2021-22,0.7395833333333334
22021,1630558,Davion Mitchell,1610612758,SAC,Sacramento Kings,Handoff,Offensive,0.433,75,0.058,0.845,0.388,0.034,0.121,0.034,0.0,0.362,0.459,0.8,0.7,0.3,0.7,0.4,2021-22,0.4635416666666667
22021,203468,CJ McCollum,1610612757,POR,Portland Trail Blazers,Handoff,Offensive,0.356,36,0.08,0.803,0.368,0.016,0.066,0.016,0.016,0.344,0.421,1.7,1.4,0.6,1.6,1.0,2021-22,0.7118055555555556
22021,1626192,Pat Connaughton,1610612749,MIL,Milwaukee Bucks,Handoff,Offensive,0.833,65,0.082,1.067,0.4,0.133,0.111,0.111,0.022,0.422,0.5,0.7,0.7,0.2,0.5,0.3,2021-22,0.7395833333333334
22021,1627736,Malik Beasley,1610612750,MIN,Minnesota Timberwolves,Handoff,Offensive,0.173,79,0.08,0.658,0.261,0.0,0.055,0.0,0.0,0.247,0.348,0.9,0.6,0.2,0.9,0.6,2021-22,0.7118055555555556
22021,202711,Bojan Bogdanovic,1610612762,UTA,Utah Jazz,Handoff,Offensive,0.844,69,0.037,1.093,0.514,0.116,0.116,0.116,0.047,0.488,0.571,0.6,0.7,0.3,0.5,0.2,2021-22,0.2013888888888889
22021,1630538,Bones Hyland,1610612743,DEN,Denver Nuggets,Handoff,Offensive,0.616,69,0.069,0.959,0.366,0.061,0.102,0.061,0.0,0.367,0.488,0.7,0.7,0.2,0.6,0.4,2021-22,0.6041666666666666
22021,1630560,Cam Thomas,1610612751,BKN,Brooklyn Nets,Handoff,Offensive,0.491,67,0.09,0.87,0.388,0.056,0.037,0.056,0.0,0.407,0.429,0.8,0.7,0.3,0.7,0.4,2021-22,0.8003472222222222
22021,1629652,Luguentz Dort,1610612760,OKC,Oklahoma City Thunder,Handoff,Offensive,0.529,51,0.056,0.9,0.342,0.12,0.12,0.1,0.0,0.36,0.461,1.0,0.9,0.3,0.7,0.5,2021-22,0.4409722222222222
22021,202681,Kyrie Irving,1610612751,BKN,Brooklyn Nets,Handoff,Offensive,0.507,29,0.069,0.882,0.349,0.078,0.118,0.078,0.039,0.333,0.453,1.8,1.6,0.5,1.5,1.0,2021-22,0.6041666666666666
22021,1627777,Georges Niang,1610612755,PHI,Philadelphia 76ers,Handoff,Offensive,0.983,76,0.048,1.419,0.667,0.065,0.161,0.065,0.0,0.581,0.833,0.4,0.6,0.2,0.3,0.1,2021-22,0.3472222222222222
22021,203932,Aaron Gordon,1610612743,DEN,Denver Nuggets,Handoff,Offensive,0.753,75,0.04,1.023,0.432,0.14,0.047,0.14,0.047,0.465,0.486,0.6,0.6,0.2,0.5,0.3,2021-22,0.24131944444444445
22021,1629649,Ignas Brazdeikis,1610612753,ORL,Orlando Magic,Handoff,Offensive,0.753,42,0.195,1.023,0.457,0.14,0.093,0.116,0.047,0.465,0.514,1.0,1.0,0.4,0.8,0.5,2021-22,0.9861111111111112
22021,1629001,De'Anthony Melton,1610612763,MEM,Memphis Grizzlies,Handoff,Offensive,0.266,73,0.069,0.746,0.32,0.051,0.119,0.034,0.017,0.288,0.42,0.8,0.6,0.2,0.7,0.5,2021-22,0.6041666666666666
22021,203526,Raul Neto,1610612764,WAS,Washington Wizards,Handoff,Offensive,0.851,70,0.069,1.103,0.515,0.103,0.077,0.103,0.026,0.513,0.576,0.6,0.6,0.2,0.5,0.2,2021-22,0.6041666666666666
22021,1628369,Jayson Tatum,1610612738,BOS,Boston Celtics,Handoff,Offensive,0.363,76,0.027,0.811,0.356,0.094,0.113,0.094,0.057,0.34,0.4,0.7,0.6,0.2,0.6,0.4,2021-22,0.10243055555555555
22021,1629659,Talen Horton-Tucker,1610612747,LAL,Los Angeles Lakers,Handoff,Offensive,0.72,60,0.062,1.0,0.457,0.095,0.095,0.095,0.024,0.452,0.514,0.7,0.7,0.3,0.6,0.3,2021-22,0.53125
22021,1629645,Kevin Porter Jr.,1610612745,HOU,Houston Rockets,Handoff,Offensive,0.299,61,0.05,0.778,0.333,0.13,0.13,0.13,0.037,0.352,0.393,0.9,0.7,0.2,0.7,0.5,2021-22,0.3732638888888889
22021,1629629,Cam Reddish,1610612737,ATL,Atlanta Hawks,Handoff,Offensive,0.54,34,0.106,0.911,0.457,0.133,0.111,0.133,0.022,0.444,0.486,1.3,1.2,0.5,1.0,0.6,2021-22,0.8802083333333334
22021,1627854,Bryn Forbes,1610612759,SAS,San Antonio Spurs,Handoff,Offensive,0.415,40,0.141,0.837,0.372,0.041,0.102,0.041,0.02,0.347,0.442,1.2,1.0,0.4,1.1,0.7,2021-22,0.9548611111111112
22021,202699,Tobias Harris,1610612755,PHI,Philadelphia 76ers,Handoff,Offensive,0.865,73,0.029,1.111,0.485,0.139,0.0,0.139,0.056,0.528,0.515,0.5,0.5,0.2,0.5,0.2,2021-22,0.125
22021,1627747,Caris LeVert,1610612754,IND,Indiana Pacers,Handoff,Offensive,0.221,39,0.075,0.702,0.32,0.053,0.07,0.053,0.0,0.333,0.35,1.5,1.0,0.4,1.3,0.9,2021-22,0.6805555555555556
22021,203200,Justin Holiday,1610612758,SAC,Sacramento Kings,Handoff,Offensive,0.45,25,0.197,0.848,0.326,0.0,0.065,0.0,0.0,0.304,0.453,1.8,1.6,0.6,1.7,1.2,2021-22,0.9895833333333334
22021,1629013,Landry Shamet,1610612756,PHX,Phoenix Suns,Handoff,Offensive,0.232,69,0.099,0.709,0.229,0.073,0.073,0.073,0.018,0.255,0.323,0.8,0.6,0.2,0.7,0.5,2021-22,0.8402777777777778
22021,1627788,Furkan Korkmaz,1610612755,PHI,Philadelphia 76ers,Handoff,Offensive,0.611,67,0.072,0.95,0.375,0.175,0.05,0.15,0.025,0.45,0.453,0.6,0.6,0.2,0.5,0.3,2021-22,0.6423611111111112
22021,201935,James Harden,1610612751,BKN,Brooklyn Nets,Handoff,Offensive,0.329,44,0.045,0.792,0.387,0.167,0.25,0.167,0.063,0.354,0.435,1.1,0.9,0.3,0.7,0.4,2021-22,0.3142361111111111
22021,1628384,OG Anunoby,1610612761,TOR,Toronto Raptors,Handoff,Offensive,0.294,48,0.059,0.776,0.378,0.041,0.204,0.02,0.0,0.327,0.459,1.0,0.8,0.3,0.8,0.5,2021-22,0.484375
22021,202704,Reggie Jackson,1610612746,LAC,LA Clippers,Handoff,Offensive,0.225,75,0.037,0.704,0.327,0.037,0.074,0.037,0.019,0.315,0.367,0.7,0.5,0.2,0.7,0.4,2021-22,0.2013888888888889
22021,1630581,Josh Giddey,1610612760,OKC,Oklahoma City Thunder,Handoff,Offensive,0.758,54,0.041,1.028,0.5,0.111,0.139,0.111,0.083,0.444,0.567,0.7,0.7,0.3,0.6,0.3,2021-22,0.2552083333333333
22021,1626157,Karl-Anthony Towns,1610612750,MIN,Minnesota Timberwolves,Handoff,Offensive,0.72,74,0.023,1.0,0.419,0.135,0.108,0.135,0.081,0.405,0.5,0.5,0.5,0.2,0.4,0.2,2021-22,0.07118055555555555
22021,1627741,Buddy Hield,1610612754,IND,Indiana Pacers,Handoff,Offensive,0.557,26,0.084,0.925,0.455,0.025,0.175,0.025,0.025,0.375,0.545,1.5,1.4,0.6,1.3,0.7,2021-22,0.7569444444444444
22021,201950,Jrue Holiday,1610612749,MIL,Milwaukee Bucks,Handoff,Offensive,0.239,67,0.043,0.712,0.372,0.038,0.135,0.038,0.0,0.346,0.407,0.8,0.6,0.2,0.6,0.4,2021-22,0.2829861111111111
22021,202692,Alec Burks,1610612752,NYK,New York Knicks,Handoff,Offensive,0.72,81,0.039,1.0,0.387,0.083,0.083,0.056,0.028,0.389,0.5,0.4,0.4,0.1,0.4,0.2,2021-22,0.2326388888888889
22021,201566,Russell Westbrook,1610612747,LAL,Los Angeles Lakers,Handoff,Offensive,0.372,78,0.026,0.818,0.342,0.068,0.068,0.068,0.0,0.364,0.408,0.6,0.5,0.2,0.5,0.3,2021-22,0.0920138888888889
22021,1628969,Mikal Bridges,1610612756,PHX,Phoenix Suns,Handoff,Offensive,0.896,82,0.03,1.167,0.542,0.133,0.067,0.133,0.0,0.567,0.563,0.4,0.4,0.2,0.3,0.1,2021-22,0.140625
22021,202331,Paul George,1610612746,LAC,LA Clippers,Handoff,Offensive,0.806,31,0.04,1.061,0.542,0.121,0.152,0.121,0.0,0.515,0.625,1.1,1.1,0.4,0.8,0.4,2021-22,0.24131944444444445
22021,1627814,Damion Lee,1610612744,GSW,Golden State Warriors,Handoff,Offensive,0.412,63,0.09,0.829,0.394,0.073,0.122,0.073,0.0,0.39,0.439,0.7,0.5,0.2,0.5,0.3,2021-22,0.8003472222222222
22021,101108,Chris Paul,1610612756,PHX,Phoenix Suns,Handoff,Offensive,0.903,65,0.029,1.179,0.571,0.143,0.107,0.071,0.0,0.571,0.595,0.4,0.5,0.2,0.3,0.1,2021-22,0.125
22021,202689,Kemba Walker,1610612752,NYK,New York Knicks,Handoff,Offensive,0.72,37,0.074,1.0,0.423,0.091,0.121,0.091,0.0,0.424,0.538,0.9,0.9,0.3,0.7,0.4,2021-22,0.6701388888888888
22021,1629661,Cameron Johnson,1610612756,PHX,Phoenix Suns,Handoff,Offensive,0.594,66,0.05,0.943,0.4,0.114,0.171,0.114,0.0,0.4,0.52,0.5,0.5,0.2,0.4,0.2,2021-22,0.3732638888888889
22021,201567,Kevin Love,1610612739,CLE,Cleveland Cavaliers,Handoff,Offensive,0.441,74,0.041,0.846,0.306,0.051,0.026,0.026,0.0,0.333,0.431,0.5,0.4,0.1,0.5,0.3,2021-22,0.2552083333333333
22021,1629647,Darius Bazley,1610612760,OKC,Oklahoma City Thunder,Handoff,Offensive,0.401,69,0.049,0.825,0.364,0.15,0.075,0.15,0.05,0.4,0.379,0.6,0.5,0.2,0.5,0.3,2021-22,0.3611111111111111
22021,1630557,Corey Kispert,1610612764,WAS,Washington Wizards,Handoff,Offensive,0.242,77,0.078,0.717,0.333,0.022,0.152,0.022,0.022,0.283,0.41,0.6,0.4,0.2,0.5,0.3,2021-22,0.7013888888888888
22021,1628984,Devonte' Graham,1610612740,NOP,New Orleans Pelicans,Handoff,Offensive,0.18,76,0.051,0.673,0.289,0.02,0.061,0.02,0.0,0.286,0.356,0.6,0.4,0.2,0.6,0.4,2021-22,0.390625
22021,1630181,R.J. Hampton,1610612753,ORL,Orlando Magic,Handoff,Offensive,0.114,64,0.096,0.579,0.244,0.14,0.175,0.14,0.035,0.281,0.28,0.9,0.5,0.2,0.6,0.5,2021-22,0.8246527777777778
22021,1630166,Deni Avdija,1610612764,WAS,Washington Wizards,Handoff,Offensive,0.277,82,0.058,0.762,0.324,0.071,0.143,0.071,0.024,0.31,0.412,0.5,0.4,0.1,0.4,0.3,2021-22,0.4635416666666667
22021,1630183,Jaden McDaniels,1610612750,MIN,Minnesota Timberwolves,Handoff,Offensive,0.855,70,0.043,1.107,0.462,0.107,0.071,0.107,0.107,0.429,0.538,0.4,0.4,0.2,0.4,0.2,2021-22,0.2829861111111111
22021,1626166,Cameron Payne,1610612756,PHX,Phoenix Suns,Handoff,Offensive,0.72,58,0.043,1.0,0.458,0.194,0.097,0.194,0.065,0.484,0.479,0.5,0.5,0.2,0.4,0.2,2021-22,0.2829861111111111
22021,1629631,De'Andre Hunter,1610612737,ATL,Atlanta Hawks,Handoff,Offensive,0.507,53,0.047,0.882,0.393,0.088,0.088,0.059,0.0,0.412,0.446,0.6,0.6,0.2,0.5,0.3,2021-22,0.3315972222222222
22021,1630613,Duane Washington Jr.,1610612754,IND,Indiana Pacers,Handoff,Offensive,0.467,48,0.069,0.857,0.448,0.057,0.143,0.057,0.029,0.4,0.5,0.7,0.6,0.3,0.6,0.3,2021-22,0.6041666666666666
22021,1630591,Jalen Suggs,1610612753,ORL,Orlando Magic,Handoff,Offensive,0.128,48,0.064,0.612,0.243,0.102,0.143,0.102,0.0,0.286,0.297,1.0,0.6,0.2,0.8,0.6,2021-22,0.5520833333333334
22021,1628374,Lauri Markkanen,1610612739,CLE,Cleveland Cavaliers,Handoff,Offensive,0.948,61,0.028,1.261,0.611,0.13,0.087,0.13,0.0,0.609,0.639,0.4,0.5,0.2,0.3,0.1,2021-22,0.11284722222222222
22021,201961,Wayne Ellington,1610612747,LAL,Los Angeles Lakers,Handoff,Offensive,0.536,43,0.124,0.906,0.379,0.0,0.094,0.0,0.0,0.344,0.5,0.7,0.7,0.3,0.7,0.4,2021-22,0.9375
22021,1630533,Ziaire Williams,1610612763,MEM,Memphis Grizzlies,Handoff,Offensive,0.311,62,0.076,0.784,0.414,0.027,0.189,0.027,0.0,0.351,0.466,0.6,0.5,0.2,0.5,0.3,2021-22,0.6875
22021,203552,Seth Curry,1610612751,BKN,Brooklyn Nets,Handoff,Offensive,0.837,19,0.108,1.077,0.478,0.077,0.077,0.077,0.038,0.462,0.543,1.4,1.5,0.6,1.2,0.6,2021-22,0.8888888888888888
22021,203935,Marcus Smart,1610612738,BOS,Boston Celtics,Handoff,Offensive,0.768,71,0.028,1.037,0.429,0.111,0.111,0.074,0.0,0.444,0.524,0.4,0.4,0.1,0.3,0.2,2021-22,0.11284722222222222
22021,204060,Joe Ingles,1610612762,UTA,Utah Jazz,Handoff,Offensive,0.574,45,0.088,0.933,0.407,0.033,0.067,0.033,0.0,0.4,0.463,0.7,0.6,0.2,0.6,0.4,2021-22,0.78125
22021,201937,Ricky Rubio,1610612739,CLE,Cleveland Cavaliers,Handoff,Offensive,0.429,34,0.059,0.844,0.345,0.063,0.063,0.031,0.031,0.344,0.414,0.9,0.8,0.3,0.9,0.6,2021-22,0.484375
22021,1630169,Tyrese Haliburton,1610612758,SAC,Sacramento Kings,Handoff,Offensive,0.149,51,0.058,0.628,0.353,0.0,0.209,0.0,0.0,0.279,0.397,0.8,0.5,0.2,0.7,0.4,2021-22,0.4635416666666667
22021,1630202,Payton Pritchard,1610612738,BOS,Boston Celtics,Handoff,Offensive,0.993,71,0.038,1.625,0.643,0.0,0.125,0.0,0.0,0.563,0.929,0.2,0.4,0.1,0.2,0.1,2021-22,0.2204861111111111
22021,1628404,Josh Hart,1610612757,POR,Portland Trail Blazers,Handoff,Offensive,0.875,13,0.098,1.13,0.45,0.043,0.087,0.043,0.0,0.435,0.625,1.8,2.0,0.7,1.5,0.8,2021-22,0.8333333333333334
22021,1629004,Svi Mykhailiuk,1610612761,TOR,Toronto Raptors,Handoff,Offensive,0.566,56,0.1,0.929,0.346,0.036,0.071,0.036,0.036,0.321,0.481,0.5,0.5,0.2,0.5,0.3,2021-22,0.8489583333333334
22021,1630314,Brandon Williams,1610612757,POR,Portland Trail Blazers,Handoff,Offensive,0.566,24,0.073,0.929,0.364,0.214,0.071,0.143,0.071,0.393,0.409,1.2,1.1,0.3,0.9,0.6,2021-22,0.65625
22021,202710,Jimmy Butler,1610612748,MIA,Miami Heat,Handoff,Offensive,0.72,58,0.022,1.0,0.412,0.24,0.12,0.24,0.04,0.48,0.412,0.4,0.4,0.1,0.3,0.2,2021-22,0.057291666666666664
22021,201587,Nicolas Batum,1610612746,LAC,LA Clippers,Handoff,Offensive,0.628,59,0.059,0.962,0.292,0.077,0.0,0.077,0.0,0.346,0.417,0.4,0.4,0.1,0.4,0.3,2021-22,0.484375
22021,1628404,Josh Hart,1610612740,NOP,New Orleans Pelicans,Handoff,Offensive,0.36,41,0.057,0.806,0.346,0.097,0.097,0.097,0.032,0.355,0.385,0.8,0.6,0.2,0.6,0.4,2021-22,0.4548611111111111
22021,1630165,Killian Hayes,1610612765,DET,Detroit Pistons,Handoff,Offensive,0.253,66,0.056,0.735,0.333,0.0,0.118,0.0,0.0,0.294,0.417,0.5,0.4,0.2,0.5,0.3,2021-22,0.4409722222222222
22021,1627752,Taurean Prince,1610612750,MIN,Minnesota Timberwolves,Handoff,Offensive,0.917,69,0.042,1.2,0.5,0.0,0.0,0.0,0.0,0.5,0.6,0.3,0.3,0.1,0.3,0.1,2021-22,0.2673611111111111
22021,1628977,Hamidou Diallo,1610612765,DET,Detroit Pistons,Handoff,Offensive,0.467,58,0.044,0.857,0.423,0.071,0.036,0.071,0.036,0.429,0.423,0.5,0.4,0.2,0.4,0.3,2021-22,0.3020833333333333
22021,1630563,Joshua Primo,1610612759,SAS,San Antonio Spurs,Handoff,Offensive,0.291,50,0.088,0.774,0.364,0.129,0.194,0.129,0.032,0.355,0.409,0.6,0.5,0.2,0.4,0.3,2021-22,0.78125
22021,1629670,Jordan Nwora,1610612749,MIL,Milwaukee Bucks,Handoff,Offensive,0.08,62,0.091,0.49,0.186,0.041,0.082,0.041,0.0,0.204,0.233,0.8,0.4,0.1,0.7,0.6,2021-22,0.8072916666666666
22021,1626168,Trey Lyles,1610612765,DET,Detroit Pistons,Handoff,Offensive,0.986,51,0.031,1.438,0.571,0.188,0.063,0.188,0.125,0.563,0.679,0.3,0.5,0.2,0.3,0.1,2021-22,0.1545138888888889
22021,1629003,Shake Milton,1610612755,PHI,Philadelphia 76ers,Handoff,Offensive,0.516,55,0.055,0.885,0.409,0.077,0.077,0.0,0.0,0.423,0.432,0.5,0.4,0.2,0.4,0.2,2021-22,0.421875
22021,1629642,Nassir Little,1610612757,POR,Portland Trail Blazers,Handoff,Offensive,0.317,42,0.071,0.786,0.304,0.143,0.071,0.143,0.036,0.357,0.326,0.7,0.5,0.2,0.5,0.4,2021-22,0.6284722222222222
22021,1627854,Bryn Forbes,1610612743,DEN,Denver Nuggets,Handoff,Offensive,0.235,35,0.111,0.71,0.333,0.032,0.097,0.032,0.0,0.323,0.37,0.9,0.6,0.3,0.8,0.5,2021-22,0.9079861111111112
22021,1629060,Rui Hachimura,1610612764,WAS,Washington Wizards,Handoff,Offensive,0.979,42,0.034,1.4,0.769,0.0,0.133,0.0,0.0,0.667,0.808,0.4,0.5,0.2,0.3,0.1,2021-22,0.18055555555555555
22021,1630169,Tyrese Haliburton,1610612754,IND,Indiana Pacers,Handoff,Offensive,0.938,26,0.038,1.235,0.563,0.0,0.059,0.0,0.0,0.529,0.656,0.7,0.8,0.3,0.6,0.3,2021-22,0.2204861111111111
22021,1630205,Lamar Stevens,1610612739,CLE,Cleveland Cavaliers,Handoff,Offensive,0.938,63,0.043,1.235,0.692,0.176,0.118,0.176,0.059,0.647,0.692,0.3,0.3,0.1,0.2,0.1,2021-22,0.2829861111111111
22021,1630567,Scottie Barnes,1610612761,TOR,Toronto Raptors,Handoff,Offensive,0.543,74,0.02,0.913,0.412,0.174,0.087,0.13,0.0,0.435,0.5,0.3,0.3,0.1,0.2,0.1,2021-22,0.03993055555555555
22021,204456,T.J. McConnell,1610612754,IND,Indiana Pacers,Handoff,Offensive,0.944,27,0.065,1.25,0.667,0.0,0.063,0.0,0.0,0.625,0.667,0.6,0.7,0.4,0.6,0.2,2021-22,0.5607638888888888
22021,202339,Eric Bledsoe,1610612746,LAC,LA Clippers,Handoff,Offensive,0.488,54,0.037,0.87,0.35,0.13,0.043,0.13,0.043,0.391,0.375,0.4,0.4,0.1,0.4,0.2,2021-22,0.2013888888888889
22021,1629669,Jaylen Nowell,1610612750,MIN,Minnesota Timberwolves,Handoff,Offensive,0.201,62,0.06,0.69,0.308,0.034,0.069,0.034,0.0,0.31,0.346,0.5,0.3,0.1,0.4,0.3,2021-22,0.5052083333333334
22021,1630541,Moses Moody,1610612744,GSW,Golden State Warriors,Handoff,Offensive,1.0,52,0.052,1.727,0.667,0.182,0.091,0.182,0.091,0.636,0.944,0.2,0.4,0.1,0.2,0.1,2021-22,0.4010416666666667
22021,201565,Derrick Rose,1610612752,NYK,New York Knicks,Handoff,Offensive,0.955,26,0.046,1.267,0.615,0.067,0.067,0.067,0.0,0.6,0.654,0.6,0.7,0.3,0.5,0.2,2021-22,0.3229166666666667
22021,1630200,Tre Jones,1610612759,SAS,San Antonio Spurs,Handoff,Offensive,0.798,69,0.043,1.056,0.538,0.111,0.111,0.056,0.0,0.5,0.577,0.3,0.3,0.1,0.2,0.1,2021-22,0.2829861111111111
22021,1628983,Shai Gilgeous-Alexander,1610612760,OKC,Oklahoma City Thunder,Handoff,Offensive,0.798,56,0.013,1.056,0.583,0.222,0.111,0.111,0.0,0.556,0.625,0.3,0.3,0.1,0.2,0.1,2021-22,0.013888888888888888
22021,203482,Kelly Olynyk,1610612765,DET,Detroit Pistons,Handoff,Offensive,0.798,40,0.047,1.056,0.4,0.167,0.056,0.167,0.056,0.444,0.533,0.5,0.5,0.2,0.4,0.2,2021-22,0.3315972222222222
22021,1630177,Theo Maledon,1610612760,OKC,Oklahoma City Thunder,Handoff,Offensive,0.72,51,0.045,1.0,0.417,0.263,0.211,0.211,0.105,0.421,0.542,0.4,0.4,0.1,0.2,0.1,2021-22,0.3142361111111111
22021,1628975,Jevon Carter,1610612751,BKN,Brooklyn Nets,Handoff,Offensive,0.611,46,0.099,0.95,0.368,0.05,0.0,0.05,0.0,0.4,0.474,0.4,0.4,0.2,0.4,0.3,2021-22,0.8402777777777778
22021,203087,Jeremy Lamb,1610612754,IND,Indiana Pacers,Handoff,Offensive,0.406,39,0.081,0.826,0.353,0.13,0.13,0.13,0.0,0.391,0.412,0.6,0.5,0.2,0.4,0.3,2021-22,0.7256944444444444
22021,1630544,Tre Mann,1610612760,OKC,Oklahoma City Thunder,Handoff,Offensive,0.187,60,0.04,0.679,0.292,0.071,0.071,0.071,0.0,0.321,0.333,0.5,0.3,0.1,0.4,0.3,2021-22,0.24131944444444445
22021,203493,Reggie Bullock,1610612742,DAL,Dallas Mavericks,Handoff,Offensive,0.152,68,0.055,0.633,0.259,0.0,0.1,0.0,0.0,0.233,0.352,0.4,0.3,0.1,0.4,0.3,2021-22,0.421875
22021,202709,Cory Joseph,1610612765,DET,Detroit Pistons,Handoff,Offensive,0.131,65,0.059,0.613,0.318,0.129,0.194,0.129,0.032,0.323,0.341,0.5,0.3,0.1,0.3,0.2,2021-22,0.484375
22021,1629056,Terence Davis,1610612758,SAC,Sacramento Kings,Handoff,Offensive,0.997,30,0.035,1.636,0.636,0.0,0.0,0.0,0.0,0.636,0.818,0.4,0.6,0.2,0.4,0.1,2021-22,0.1892361111111111
22021,1629656,Quentin Grimes,1610612752,NYK,New York Knicks,Handoff,Offensive,0.976,46,0.048,1.385,0.583,0.0,0.077,0.0,0.0,0.538,0.75,0.3,0.4,0.2,0.3,0.1,2021-22,0.3472222222222222
22021,1630245,Ayo Dosunmu,1610612741,CHI,Chicago Bulls,Handoff,Offensive,0.958,77,0.021,1.286,0.667,0.071,0.071,0.071,0.0,0.643,0.667,0.2,0.2,0.1,0.2,0.1,2021-22,0.046875
22021,203490,Otto Porter Jr.,1610612744,GSW,Golden State Warriors,Handoff,Offensive,0.467,63,0.044,0.857,0.368,0.095,0.0,0.095,0.0,0.429,0.395,0.3,0.3,0.1,0.3,0.2,2021-22,0.3020833333333333
22021,1630322,Lindy Waters III,1610612760,OKC,Oklahoma City Thunder,Handoff,Offensive,0.467,24,0.114,0.857,0.3,0.0,0.048,0.0,0.0,0.286,0.45,0.9,0.8,0.3,0.8,0.6,2021-22,0.9201388888888888
22021,202340,Avery Bradley,1610612747,LAL,Los Angeles Lakers,Handoff,Offensive,0.372,62,0.056,0.818,0.368,0.0,0.136,0.0,0.0,0.318,0.474,0.4,0.3,0.1,0.3,0.2,2021-22,0.4409722222222222
22021,203109,Jae Crowder,1610612756,PHX,Phoenix Suns,Handoff,Offensive,0.142,67,0.046,0.621,0.269,0.0,0.103,0.0,0.0,0.241,0.346,0.4,0.3,0.1,0.4,0.3,2021-22,0.3229166666666667
22021,1630527,Brandon Boston,1610612746,LAC,LA Clippers,Handoff,Offensive,0.101,51,0.085,0.545,0.261,0.091,0.212,0.091,0.0,0.273,0.261,0.6,0.4,0.1,0.5,0.3,2021-22,0.7621527777777778
22021,1630184,Kira Lewis Jr.,1610612740,NOP,New Orleans Pelicans,Handoff,Offensive,0.879,24,0.085,1.133,0.615,0.0,0.133,0.0,0.0,0.533,0.654,0.6,0.7,0.3,0.5,0.2,2021-22,0.7621527777777778
22021,1628988,Aaron Holiday,1610612764,WAS,Washington Wizards,Handoff,Offensive,0.815,41,0.06,1.063,0.5,0.188,0.125,0.188,0.063,0.5,0.542,0.4,0.4,0.1,0.3,0.1,2021-22,0.5052083333333334
22021,1628964,Mo Bamba,1610612753,ORL,Orlando Magic,Handoff,Offensive,0.815,71,0.022,1.063,0.375,0.0,0.0,0.0,0.0,0.375,0.531,0.2,0.2,0.1,0.2,0.1,2021-22,0.057291666666666664
22021,1626174,Christian Wood,1610612745,HOU,Houston Rockets,Handoff,Offensive,0.604,68,0.016,0.944,0.313,0.111,0.0,0.056,0.0,0.389,0.438,0.3,0.3,0.1,0.2,0.2,2021-22,0.020833333333333332
22021,1627827,Dorian Finney-Smith,1610612742,DAL,Dallas Mavericks,Handoff,Offensive,0.604,80,0.022,0.944,0.375,0.056,0.111,0.056,0.056,0.333,0.531,0.2,0.2,0.1,0.2,0.1,2021-22,0.057291666666666664
22021,1630553,Keon Johnson,1610612757,POR,Portland Trail Blazers,Handoff,Offensive,0.453,22,0.074,0.85,0.35,0.0,0.0,0.0,0.0,0.35,0.425,0.9,0.8,0.3,0.9,0.6,2021-22,0.6701388888888888
22021,203507,Giannis Antetokounmpo,1610612749,MIL,Milwaukee Bucks,Handoff,Offensive,0.287,67,0.012,0.773,0.375,0.182,0.091,0.182,0.0,0.455,0.375,0.3,0.3,0.1,0.2,0.1,2021-22,0.010416666666666666
22021,202362,Lance Stephenson,1610612754,IND,Indiana Pacers,Handoff,Offensive,0.26,40,0.056,0.739,0.375,0.13,0.174,0.13,0.0,0.391,0.406,0.6,0.4,0.2,0.4,0.3,2021-22,0.4409722222222222
22021,1629052,Oshae Brissett,1610612754,IND,Indiana Pacers,Handoff,Offensive,0.228,67,0.038,0.708,0.333,0.042,0.083,0.042,0.0,0.333,0.381,0.4,0.3,0.1,0.3,0.2,2021-22,0.2204861111111111
22021,203915,Spencer Dinwiddie,1610612764,WAS,Washington Wizards,Handoff,Offensive,0.19,44,0.04,0.68,0.333,0.2,0.12,0.2,0.04,0.36,0.333,0.6,0.4,0.1,0.4,0.3,2021-22,0.24131944444444445
22021,1630230,Naji Marshall,1610612740,NOP,New Orleans Pelicans,Handoff,Offensive,0.969,55,0.034,1.333,0.714,0.333,0.083,0.167,0.0,0.75,0.714,0.2,0.3,0.1,0.1,0.0,2021-22,0.18055555555555555
22021,1629634,Brandon Clarke,1610612763,MEM,Memphis Grizzlies,Handoff,Offensive,0.927,64,0.024,1.231,0.545,0.154,0.0,0.154,0.0,0.615,0.545,0.2,0.3,0.1,0.2,0.1,2021-22,0.08159722222222222
22021,1628408,P.J. Dozier,1610612743,DEN,Denver Nuggets,Handoff,Offensive,0.833,18,0.126,1.067,0.6,0.133,0.2,0.133,0.0,0.533,0.65,0.8,0.9,0.3,0.6,0.2,2021-22,0.9444444444444444
22021,1629657,Kyle Guy,1610612748,MIA,Miami Heat,Handoff,Offensive,0.715,18,0.16,1.0,0.417,0.077,0.077,0.077,0.08,0.385,0.5,0.7,0.7,0.3,0.7,0.4,2021-22,0.9756944444444444
22021,202722,Davis Bertans,1610612764,WAS,Washington Wizards,Handoff,Offensive,0.833,34,0.077,1.067,0.286,0.133,0.0,0.133,0.067,0.333,0.429,0.4,0.5,0.1,0.4,0.3,2021-22,0.6944444444444444
22021,1630228,Jonathan Kuminga,1610612744,GSW,Golden State Warriors,Handoff,Offensive,0.42,71,0.03,0.842,0.429,0.158,0.105,0.158,0.0,0.421,0.464,0.3,0.2,0.1,0.2,0.1,2021-22,0.140625
22021,1628373,Frank Ntilikina,1610612742,DAL,Dallas Mavericks,Handoff,Offensive,0.42,58,0.072,0.842,0.375,0.053,0.105,0.053,0.0,0.368,0.438,0.3,0.3,0.1,0.3,0.2,2021-22,0.6423611111111112
22021,1629632,Coby White,1610612741,CHI,Chicago Bulls,Handoff,Offensive,0.339,61,0.027,0.8,0.333,0.05,0.05,0.05,0.0,0.35,0.389,0.3,0.3,0.1,0.3,0.2,2021-22,0.10243055555555555
22021,1630267,Facundo Campazzo,1610612743,DEN,Denver Nuggets,Handoff,Offensive,0.339,65,0.05,0.8,0.316,0.0,0.05,0.0,0.0,0.3,0.421,0.3,0.2,0.1,0.3,0.2,2021-22,0.3732638888888889
22021,1630631,Jose Alvarado,1610612740,NOP,New Orleans Pelicans,Handoff,Offensive,0.247,54,0.061,0.727,0.471,0.0,0.227,0.0,0.0,0.364,0.471,0.4,0.3,0.1,0.3,0.2,2021-22,0.5190972222222222
22021,1628998,Cody Martin,1610612766,CHA,Charlotte Hornets,Handoff,Offensive,0.09,71,0.059,0.516,0.214,0.097,0.032,0.097,0.032,0.258,0.232,0.4,0.2,0.1,0.4,0.3,2021-22,0.484375
22021,1630528,Josh Christopher,1610612745,HOU,Houston Rockets,Handoff,Offensive,0.076,74,0.052,0.457,0.172,0.057,0.114,0.057,0.0,0.2,0.224,0.5,0.2,0.1,0.4,0.3,2021-22,0.4010416666666667
22021,1629723,John Konchar,1610612763,MEM,Memphis Grizzlies,Handoff,Offensive,0.99,72,0.032,1.5,0.6,0.0,0.0,0.0,0.0,0.6,0.75,0.1,0.2,0.1,0.1,0.1,2021-22,0.16666666666666666
22021,1629678,Admiral Schofield,1610612753,ORL,Orlando Magic,Handoff,Offensive,0.972,38,0.072,1.364,0.556,0.273,0.0,0.273,0.091,0.636,0.667,0.3,0.4,0.1,0.2,0.1,2021-22,0.6423611111111112
22021,203925,Joe Harris,1610612751,BKN,Brooklyn Nets,Handoff,Offensive,0.72,14,0.106,1.0,0.385,0.0,0.133,0.0,0.0,0.333,0.577,1.1,1.1,0.4,0.9,0.6,2021-22,0.8802083333333334
22021,201568,Danilo Gallinari,1610612737,ATL,Atlanta Hawks,Handoff,Offensive,0.58,66,0.023,0.938,0.357,0.063,0.063,0.063,0.0,0.375,0.464,0.2,0.2,0.1,0.2,0.1,2021-22,0.07118055555555555
22021,1630559,Austin Reaves,1610612747,LAL,Los Angeles Lakers,Handoff,Offensive,0.507,61,0.042,0.882,0.357,0.118,0.118,0.118,0.059,0.353,0.464,0.3,0.2,0.1,0.2,0.1,2021-22,0.2673611111111111
22021,204001,Kristaps Porzingis,1610612742,DAL,Dallas Mavericks,Handoff,Offensive,0.507,35,0.027,0.882,0.308,0.176,0.059,0.176,0.0,0.412,0.346,0.5,0.4,0.1,0.4,0.3,2021-22,0.10243055555555555
22021,1628997,Caleb Martin,1610612748,MIA,Miami Heat,Handoff,Offensive,0.325,60,0.037,0.789,0.375,0.158,0.053,0.105,0.053,0.421,0.375,0.3,0.3,0.1,0.3,0.2,2021-22,0.2013888888888889
22021,1626196,Josh Richardson,1610612738,BOS,Boston Celtics,Handoff,Offensive,0.396,44,0.041,0.824,0.4,0.059,0.118,0.059,0.059,0.353,0.433,0.4,0.3,0.1,0.3,0.2,2021-22,0.2552083333333333
22021,203937,Kyle Anderson,1610612763,MEM,Memphis Grizzlies,Handoff,Offensive,0.396,69,0.029,0.824,0.333,0.118,0.0,0.118,0.0,0.412,0.333,0.2,0.2,0.1,0.2,0.1,2021-22,0.125
22021,2546,Carmelo Anthony,1610612747,LAL,Los Angeles Lakers,Handoff,Offensive,0.299,69,0.021,0.778,0.313,0.056,0.056,0.056,0.0,0.333,0.406,0.3,0.2,0.1,0.2,0.2,2021-22,0.046875
22021,1630256,Jae'Sean Tate,1610612745,HOU,Houston Rockets,Handoff,Offensive,0.176,78,0.022,0.667,0.294,0.143,0.048,0.143,0.0,0.333,0.324,0.3,0.2,0.1,0.2,0.2,2021-22,0.057291666666666664
22021,101150,Lou Williams,1610612737,ATL,Atlanta Hawks,Handoff,Offensive,0.093,56,0.068,0.519,0.238,0.111,0.148,0.111,0.037,0.259,0.238,0.5,0.3,0.1,0.4,0.3,2021-22,0.5868055555555556
22021,1626181,Norman Powell,1610612746,LAC,LA Clippers,Handoff,Offensive,0.965,5,0.116,1.3,0.556,0.1,0.0,0.0,0.0,0.6,0.667,2.0,2.6,1.0,1.8,0.8,2021-22,0.9253472222222222
22021,1629744,Matt Thomas,1610612741,CHI,Chicago Bulls,Handoff,Offensive,0.484,40,0.1,0.867,0.333,0.0,0.0,0.0,0.0,0.333,0.433,0.4,0.3,0.1,0.4,0.3,2021-22,0.8489583333333334
22021,1630529,Herbert Jones,1610612740,NOP,New Orleans Pelicans,Handoff,Offensive,0.194,78,0.026,0.684,0.429,0.053,0.263,0.053,0.053,0.316,0.429,0.2,0.2,0.1,0.2,0.1,2021-22,0.0920138888888889
22021,1628978,Donte DiVincenzo,1610612758,SAC,Sacramento Kings,Handoff,Offensive,0.138,25,0.074,0.619,0.154,0.143,0.238,0.095,0.0,0.238,0.231,0.8,0.5,0.1,0.5,0.4,2021-22,0.6701388888888888
22021,1630201,Malachi Flynn,1610612761,TOR,Toronto Raptors,Handoff,Offensive,0.467,44,0.068,0.857,0.364,0.143,0.071,0.071,0.0,0.429,0.409,0.3,0.3,0.1,0.3,0.2,2021-22,0.5868055555555556
22021,1629833,Keljin Blevins,1610612757,POR,Portland Trail Blazers,Handoff,Offensive,0.339,31,0.113,0.8,0.333,0.067,0.133,0.067,0.0,0.333,0.458,0.5,0.4,0.1,0.4,0.3,2021-22,0.9166666666666666
22021,203901,Elfrid Payton,1610612756,PHX,Phoenix Suns,Handoff,Offensive,0.271,51,0.068,0.75,0.4,0.0,0.063,0.0,0.0,0.375,0.4,0.3,0.2,0.1,0.3,0.2,2021-22,0.5868055555555556
22021,1629611,Terance Mann,1610612746,LAC,LA Clippers,Handoff,Offensive,0.111,81,0.025,0.571,0.235,0.048,0.143,0.048,0.0,0.238,0.294,0.3,0.1,0.0,0.2,0.2,2021-22,0.08680555555555555
22021,1630598,Aaron Wiggins,1610612760,OKC,Oklahoma City Thunder,Handoff,Offensive,0.848,50,0.023,1.1,0.429,0.3,0.1,0.3,0.1,0.5,0.429,0.2,0.2,0.1,0.1,0.1,2021-22,0.07118055555555555
22021,203918,Rodney Hood,1610612749,MIL,Milwaukee Bucks,Handoff,Offensive,0.72,39,0.076,1.0,0.364,0.0,0.0,0.0,0.0,0.364,0.5,0.3,0.3,0.1,0.3,0.2,2021-22,0.6875
22021,1629008,Michael Porter Jr.,1610612743,DEN,Denver Nuggets,Handoff,Offensive,0.441,9,0.11,0.846,0.385,0.0,0.0,0.0,0.0,0.385,0.423,1.4,1.2,0.6,1.4,0.9,2021-22,0.8993055555555556
22021,201588,George Hill,1610612749,MIL,Milwaukee Bucks,Handoff,Offensive,0.441,54,0.038,0.846,0.556,0.0,0.308,0.0,0.0,0.385,0.611,0.2,0.2,0.1,0.2,0.1,2021-22,0.2204861111111111
22021,1629012,Collin Sexton,1610612739,CLE,Cleveland Cavaliers,Handoff,Offensive,0.317,11,0.071,0.786,0.455,0.0,0.214,0.0,0.0,0.357,0.5,1.3,1.0,0.5,1.0,0.5,2021-22,0.6284722222222222
22021,203585,Rodney McGruder,1610612765,DET,Detroit Pistons,Handoff,Offensive,0.317,51,0.054,0.786,0.333,0.0,0.143,0.0,0.0,0.286,0.458,0.3,0.2,0.1,0.2,0.2,2021-22,0.4114583333333333
22021,203944,Julius Randle,1610612752,NYK,New York Knicks,Handoff,Offensive,0.197,72,0.01,0.688,0.267,0.063,0.063,0.063,0.063,0.25,0.333,0.2,0.2,0.1,0.2,0.2,2021-22,0.005208333333333333
22021,1630171,Isaac Okoro,1610612739,CLE,Cleveland Cavaliers,Handoff,Offensive,0.17,67,0.03,0.647,0.267,0.059,0.059,0.059,0.0,0.294,0.3,0.3,0.2,0.1,0.2,0.2,2021-22,0.140625
22021,201935,James Harden,1610612755,PHI,Philadelphia 76ers,Handoff,Offensive,0.125,21,0.041,0.611,0.273,0.167,0.222,0.167,0.0,0.333,0.273,0.9,0.5,0.1,0.5,0.4,2021-22,0.2552083333333333
22021,203085,Austin Rivers,1610612743,DEN,Denver Nuggets,Handoff,Offensive,0.055,67,0.061,0.423,0.125,0.154,0.231,0.154,0.0,0.231,0.156,0.4,0.2,0.0,0.2,0.2,2021-22,0.5190972222222222
22021,201976,Patrick Beverley,1610612750,MIN,Minnesota Timberwolves,Handoff,Offensive,0.72,59,0.018,1.0,0.333,0.2,0.0,0.2,0.1,0.4,0.444,0.2,0.2,0.1,0.2,0.1,2021-22,0.034722222222222224
22021,1626171,Bobby Portis,1610612749,MIL,Milwaukee Bucks,Handoff,Offensive,0.145,72,0.016,0.625,0.25,0.0,0.0,0.0,0.0,0.25,0.313,0.2,0.1,0.1,0.2,0.2,2021-22,0.020833333333333332
22021,1630249,Vit Krejci,1610612760,OKC,Oklahoma City Thunder,Handoff,Offensive,0.121,30,0.083,0.588,0.235,0.0,0.0,0.0,0.0,0.235,0.294,0.6,0.3,0.1,0.6,0.4,2021-22,0.75
22021,202397,Ish Smith,1610612766,CHA,Charlotte Hornets,Handoff,Offensive,0.372,37,0.048,0.818,0.571,0.0,0.364,0.0,0.0,0.364,0.643,0.3,0.2,0.1,0.2,0.1,2021-22,0.3472222222222222
22021,1630535,Greg Brown III,1610612757,POR,Portland Trail Blazers,Handoff,Offensive,0.372,48,0.043,0.818,0.167,0.364,0.091,0.364,0.0,0.364,0.25,0.2,0.2,0.0,0.1,0.1,2021-22,0.2829861111111111
22021,203915,Spencer Dinwiddie,1610612742,DAL,Dallas Mavericks,Handoff,Offensive,0.271,23,0.038,0.75,0.429,0.25,0.167,0.25,0.0,0.417,0.429,0.5,0.4,0.1,0.3,0.2,2021-22,0.2204861111111111
22021,203471,Dennis Schroder,1610612745,HOU,Houston Rockets,Handoff,Offensive,0.204,15,0.067,0.692,0.364,0.0,0.154,0.0,0.0,0.308,0.409,0.9,0.6,0.3,0.7,0.5,2021-22,0.5746527777777778
22021,201571,D.J. Augustin,1610612745,HOU,Houston Rockets,Handoff,Offensive,0.163,34,0.072,0.643,0.25,0.071,0.143,0.071,0.071,0.214,0.333,0.4,0.3,0.1,0.4,0.3,2021-22,0.6423611111111112
22021,202696,Nikola Vucevic,1610612741,CHI,Chicago Bulls,Handoff,Offensive,0.163,73,0.01,0.643,0.231,0.071,0.0,0.071,0.0,0.286,0.269,0.2,0.1,0.0,0.2,0.1,2021-22,0.005208333333333333
22021,1626196,Josh Richardson,1610612759,SAS,San Antonio Spurs,Handoff,Offensive,0.066,21,0.087,0.45,0.235,0.0,0.15,0.0,0.0,0.2,0.265,1.0,0.4,0.2,0.8,0.6,2021-22,0.7743055555555556
22021,1629604,CJ Elleby,1610612757,POR,Portland Trail Blazers,Handoff,Offensive,0.066,58,0.05,0.45,0.25,0.15,0.3,0.15,0.05,0.25,0.25,0.3,0.2,0.1,0.2,0.2,2021-22,0.3732638888888889
22021,1630530,Trey Murphy III,1610612740,NOP,New Orleans Pelicans,Handoff,Offensive,0.059,62,0.068,0.429,0.133,0.143,0.19,0.143,0.048,0.19,0.167,0.3,0.1,0.0,0.2,0.2,2021-22,0.5868055555555556
22021,1628366,Lonzo Ball,1610612741,CHI,Chicago Bulls,Handoff,Offensive,0.042,35,0.053,0.36,0.143,0.0,0.16,0.0,0.0,0.12,0.214,0.7,0.3,0.1,0.6,0.5,2021-22,0.40625
22021,1628432,Davon Reed,1610612743,DEN,Denver Nuggets,Handoff,Offensive,0.339,48,0.055,0.8,0.5,0.0,0.2,0.0,0.0,0.4,0.5,0.2,0.2,0.1,0.2,0.1,2021-22,0.421875
22021,203496,Robert Covington,1610612757,POR,Portland Trail Blazers,Handoff,Offensive,0.339,48,0.024,0.8,0.222,0.1,0.0,0.1,0.0,0.3,0.333,0.2,0.2,0.0,0.2,0.1,2021-22,0.08159722222222222
22021,1629667,Jalen McDaniels,1610612766,CHA,Charlotte Hornets,Handoff,Offensive,0.339,55,0.031,0.8,0.375,0.1,0.1,0.1,0.0,0.4,0.438,0.2,0.1,0.1,0.1,0.1,2021-22,0.1545138888888889
22021,201980,Danny Green,1610612755,PHI,Philadelphia 76ers,Handoff,Offensive,0.247,62,0.03,0.727,0.3,0.0,0.091,0.0,0.0,0.273,0.4,0.2,0.1,0.0,0.2,0.1,2021-22,0.140625
22021,203496,Robert Covington,1610612746,LAC,LA Clippers,Handoff,Offensive,0.135,23,0.068,0.615,0.25,0.0,0.077,0.0,0.0,0.231,0.333,0.6,0.3,0.1,0.5,0.4,2021-22,0.5868055555555556
22021,1629023,P.J. Washington,1610612766,CHA,Charlotte Hornets,Handoff,Offensive,0.097,65,0.023,0.533,0.3,0.0,0.333,0.0,0.0,0.2,0.4,0.2,0.1,0.0,0.2,0.1,2021-22,0.07118055555555555
22021,1628539,Mychal Mulder,1610612753,ORL,Orlando Magic,Handoff,Offensive,0.213,15,0.132,0.7,0.286,0.1,0.2,0.1,0.0,0.3,0.357,0.7,0.5,0.1,0.5,0.3,2021-22,0.9479166666666666
22021,202738,Isaiah Thomas,1610612766,CHA,Charlotte Hornets,Handoff,Offensive,0.213,17,0.073,0.7,0.375,0.1,0.1,0.1,0.0,0.4,0.375,0.6,0.4,0.2,0.5,0.3,2021-22,0.65625
22021,201949,James Johnson,1610612751,BKN,Brooklyn Nets,Handoff,Offensive,0.213,62,0.027,0.7,0.333,0.3,0.2,0.3,0.1,0.3,0.333,0.2,0.1,0.0,0.1,0.1,2021-22,0.10243055555555555
22021,1628470,Torrey Craig,1610612754,IND,Indiana Pacers,Handoff,Offensive,0.156,51,0.033,0.636,0.3,0.0,0.091,0.0,0.0,0.273,0.35,0.2,0.1,0.1,0.2,0.1,2021-22,0.1736111111111111
22021,1630547,James Bouknight,1610612766,CHA,Charlotte Hornets,Handoff,Offensive,0.057,30,0.083,0.429,0.25,0.0,0.143,0.0,0.0,0.214,0.25,0.5,0.2,0.1,0.4,0.3,2021-22,0.75
22021,1626153,Delon Wright,1610612737,ATL,Atlanta Hawks,Handoff,Offensive,0.156,77,0.032,0.636,0.333,0.091,0.091,0.091,0.0,0.364,0.333,0.1,0.1,0.0,0.1,0.1,2021-22,0.16666666666666666
22021,1630198,Isaiah Joe,1610612755,PHI,Philadelphia 76ers,Handoff,Offensive,0.118,55,0.059,0.583,0.2,0.083,0.083,0.083,0.0,0.25,0.25,0.2,0.1,0.0,0.2,0.1,2021-22,0.484375
22021,1630231,Kenyon Martin Jr.,1610612745,HOU,Houston Rockets,Handoff,Offensive,0.101,79,0.017,0.545,0.222,0.091,0.091,0.091,0.0,0.273,0.222,0.1,0.1,0.0,0.1,0.1,2021-22,0.029513888888888888
22021,1627936,Alex Caruso,1610612741,CHI,Chicago Bulls,Handoff,Offensive,0.101,41,0.032,0.545,0.25,0.0,0.273,0.0,0.0,0.182,0.375,0.3,0.1,0.0,0.2,0.1,2021-22,0.16666666666666666
22021,203087,Jeremy Lamb,1610612758,SAC,Sacramento Kings,Handoff,Offensive,0.083,17,0.086,0.5,0.333,0.167,0.417,0.167,0.083,0.25,0.333,0.7,0.4,0.1,0.4,0.2,2021-22,0.7690972222222222
22021,1628449,Chris Boucher,1610612761,TOR,Toronto Raptors,Handoff,Offensive,0.083,80,0.017,0.5,0.111,0.167,0.083,0.167,0.0,0.25,0.167,0.2,0.1,0.0,0.1,0.1,2021-22,0.029513888888888888
22021,1630197,Alekesej Pokusevski,1610612760,OKC,Oklahoma City Thunder,Handoff,Offensive,0.028,61,0.035,0.3,0.176,0.0,0.15,0.0,0.0,0.15,0.176,0.3,0.1,0.0,0.3,0.2,2021-22,0.1892361111111111
22021,202066,Garrett Temple,1610612740,NOP,New Orleans Pelicans,Handoff,Offensive,0.024,59,0.059,0.286,0.118,0.143,0.048,0.095,0.0,0.143,0.118,0.4,0.1,0.0,0.3,0.3,2021-22,0.484375
22021,1629660,Ty Jerome,1610612760,OKC,Oklahoma City Thunder,Handoff,Offensive,0.073,48,0.029,0.455,0.2,0.0,0.091,0.0,0.0,0.182,0.25,0.2,0.1,0.0,0.2,0.2,2021-22,0.125
22021,1630625,Dalano Banton,1610612761,TOR,Toronto Raptors,Handoff,Offensive,0.038,64,0.051,0.357,0.091,0.143,0.143,0.071,0.071,0.143,0.091,0.2,0.1,0.0,0.2,0.2,2021-22,0.390625
22021,1626167,Myles Turner,1610612754,IND,Indiana Pacers,Handoff,Offensive,0.052,42,0.02,0.4,0.125,0.1,0.1,0.1,0.0,0.2,0.125,0.2,0.1,0.0,0.2,0.2,2021-22,0.03993055555555555
22021,1626208,Keifer Sykes,1610612754,IND,Indiana Pacers,Handoff,Offensive,0.045,32,0.048,0.364,0.111,0.091,0.091,0.091,0.0,0.182,0.111,0.3,0.1,0.0,0.3,0.3,2021-22,0.3472222222222222
22021,1629103,Kelan Martin,1610612754,IND,Indiana Pacers,Handoff,Offensive,0.045,27,0.059,0.364,0.182,0.0,0.0,0.0,0.0,0.182,0.182,0.4,0.1,0.1,0.4,0.3,2021-22,0.484375
22021,1630173,Precious Achiuwa,1610612761,TOR,Toronto Raptors,Handoff,Offensive,0.035,73,0.016,0.333,0.167,0.0,0.0,0.0,0.0,0.167,0.167,0.2,0.1,0.0,0.2,0.1,2021-22,0.020833333333333332
22021,202954,Brad Wanamaker,1610612754,IND,Indiana Pacers,Handoff,Offensive,0.028,22,0.097,0.3,0.25,0.1,0.5,0.1,0.0,0.2,0.25,0.5,0.1,0.0,0.2,0.1,2021-22,0.8298611111111112
22021,203504,Trey Burke,1610612742,DAL,Dallas Mavericks,Handoff,Offensive,0.021,42,0.044,0.273,0.125,0.0,0.273,0.0,0.0,0.091,0.188,0.3,0.1,0.0,0.2,0.2,2021-22,0.3020833333333333
22021,202083,Wesley Matthews,1610612749,MIL,Milwaukee Bucks,Handoff,Offensive,0.014,49,0.06,0.2,0.067,0.0,0.0,0.0,0.0,0.067,0.1,0.3,0.1,0.0,0.3,0.3,2021-22,0.5052083333333334
22021,1630182,Josh Green,1610612742,DAL,Dallas Mavericks,Handoff,Offensive,0.014,67,0.031,0.2,0.143,0.1,0.2,0.1,0.0,0.1,0.143,0.1,0.0,0.0,0.1,0.1,2021-22,0.1545138888888889
22021,1629164,Brandon Goodwin,1610612739,CLE,Cleveland Cavaliers,Handoff,Offensive,0.007,36,0.054,0.182,0.1,0.0,0.091,0.0,0.0,0.091,0.1,0.3,0.1,0.0,0.3,0.3,2021-22,0.4114583333333333
22021,1628365,Markelle Fultz,1610612753,ORL,Orlando Magic,Handoff,Offensive,0.007,18,0.048,0.182,0.111,0.0,0.182,0.0,0.0,0.091,0.111,0.6,0.1,0.1,0.5,0.4,2021-22,0.3472222222222222
22021,1628367,Josh Jackson,1610612765,DET,Detroit Pistons,Handoff,Offensive,0.003,39,0.038,0.167,0.1,0.0,0.167,0.0,0.0,0.083,0.1,0.3,0.1,0.0,0.3,0.2,2021-22,0.2204861111111111
22021,1629681,Killian Tillie,1610612763,MEM,Memphis Grizzlies,Handoff,Offensive,0.0,36,0.111,0.125,0.077,0.0,0.188,0.0,0.0,0.063,0.077,0.4,0.1,0.0,0.4,0.3,2021-22,0.9079861111111112
